functie_id,pagina,functie,gerelateerde_paginas,relaties,acceptatie_per_pagina,server_route,read_model,command,mandaat,functioneel_bewijs,visueel_bewijs,source_sha,status
P00.F01,shell,Vereniging en seizoen,"P01,P22",,"A08,A09,A11,A25,T10,H01,H02,H03,H04,H05,H06,O01,O02,O03,O04,O07,V00",,,,Alle geauthenticeerde gebruikers; zichtbare werkruimtes volgen de echte mandaten.,,,,TE_BOUWEN_OF_VERIFIEREN
P00.F02,shell,Menu en rolwerkruimte,"P09,P10,P12,P20,P22",,"A08,A09,A11,A25,T10,H01,H02,H03,H04,H05,H06,O01,O02,O03,O04,O07,V00",,,,Alle geauthenticeerde gebruikers; zichtbare werkruimtes volgen de echte mandaten.,,,,TE_BOUWEN_OF_VERIFIEREN
P00.F03,shell,Zoeken en snel openen,"P02,P08,P12,P14",,"A08,A09,A11,A25,T10,H01,H02,H03,H04,H05,H06,O01,O02,O03,O04,O07,V00",,,,Alle geauthenticeerde gebruikers; zichtbare werkruimtes volgen de echte mandaten.,,,,TE_BOUWEN_OF_VERIFIEREN
P00.F04,shell,Ongelezen meldingen,"P14,P13",,"A08,A09,A11,A25,T10,H01,H02,H03,H04,H05,H06,O01,O02,O03,O04,O07,V00",,,,Alle geauthenticeerde gebruikers; zichtbare werkruimtes volgen de echte mandaten.,,,,TE_BOUWEN_OF_VERIFIEREN
P00.F05,shell,Mijn profiel,"P23,P09",,"A08,A09,A11,A25,T10,H01,H02,H03,H04,H05,H06,O01,O02,O03,O04,O07,V00",,,,Alle geauthenticeerde gebruikers; zichtbare werkruimtes volgen de echte mandaten.,,,,TE_BOUWEN_OF_VERIFIEREN
P00.F06,shell,Uitlegbanners tonen,"P01,P22",R22,"A08,A09,A11,A25,T10,H01,H02,H03,H04,H05,H06,O01,O02,O03,O04,O07,V00",,,,Alle geauthenticeerde gebruikers; zichtbare werkruimtes volgen de echte mandaten.,,,,TE_BOUWEN_OF_VERIFIEREN
P00.F07,shell,Uitlegbanner afsluiten,"P23,P22",R22,"A08,A09,A11,A25,T10,H01,H02,H03,H04,H05,H06,O01,O02,O03,O04,O07,V00",,,,Alle geauthenticeerde gebruikers; zichtbare werkruimtes volgen de echte mandaten.,,,,TE_BOUWEN_OF_VERIFIEREN
P00.F08,shell,Zichtbaarheid zonder flits,"P14,P22",R22,"A08,A09,A11,A25,T10,H01,H02,H03,H04,H05,H06,O01,O02,O03,O04,O07,V00",,,,Alle geauthenticeerde gebruikers; zichtbare werkruimtes volgen de echte mandaten.,,,,TE_BOUWEN_OF_VERIFIEREN
P00.F09,shell,Responsief menu,"P08,P12",,"A08,A09,A11,A25,T10,H01,H02,H03,H04,H05,H06,O01,O02,O03,O04,O07,V00",,,,Alle geauthenticeerde gebruikers; zichtbare werkruimtes volgen de echte mandaten.,,,,TE_BOUWEN_OF_VERIFIEREN
P00.F10,shell,Mobiele demopreview,P22,,"A08,A09,A11,A25,T10,H01,H02,H03,H04,H05,H06,O01,O02,O03,O04,O07,V00",,,,Alle geauthenticeerde gebruikers; zichtbare werkruimtes volgen de echte mandaten.,,,,TE_BOUWEN_OF_VERIFIEREN
P00.F11,shell,Hulp en prototype-informatie,"P14,P22",,"A08,A09,A11,A25,T10,H01,H02,H03,H04,H05,H06,O01,O02,O03,O04,O07,V00",,,,Alle geauthenticeerde gebruikers; zichtbare werkruimtes volgen de echte mandaten.,,,,TE_BOUWEN_OF_VERIFIEREN
P00.F12,shell,Formulieren en feedback,"P02,P08,P12,P20",,"A08,A09,A11,A25,T10,H01,H02,H03,H04,H05,H06,O01,O02,O03,O04,O07,V00",,,,Alle geauthenticeerde gebruikers; zichtbare werkruimtes volgen de echte mandaten.,,,,TE_BOUWEN_OF_VERIFIEREN
P00.F13,shell,Herstelbare navigatie,"P13,P14,P12",,"A08,A09,A11,A25,T10,H01,H02,H03,H04,H05,H06,O01,O02,O03,O04,O07,V00",,,,Alle geauthenticeerde gebruikers; zichtbare werkruimtes volgen de echte mandaten.,,,,TE_BOUWEN_OF_VERIFIEREN
P00.F14,shell,Uitloggen en sessie,"P22,P23",,"A08,A09,A11,A25,T10,H01,H02,H03,H04,H05,H06,O01,O02,O03,O04,O07,V00",,,,Alle geauthenticeerde gebruikers; zichtbare werkruimtes volgen de echte mandaten.,,,,TE_BOUWEN_OF_VERIFIEREN
P00.F15,shell,Demodata en echte gegevens,"P09,P20,P22",,"A08,A09,A11,A25,T10,H01,H02,H03,H04,H05,H06,O01,O02,O03,O04,O07,V00",,,,Alle geauthenticeerde gebruikers; zichtbare werkruimtes volgen de echte mandaten.,,,,TE_BOUWEN_OF_VERIFIEREN
P00.F16,shell,Installatie en offline,"P02,P20,P22",,"A08,A09,A11,A25,T10,H01,H02,H03,H04,H05,H06,O01,O02,O03,O04,O07,V00",,,,Alle geauthenticeerde gebruikers; zichtbare werkruimtes volgen de echte mandaten.,,,,TE_BOUWEN_OF_VERIFIEREN
P01.F01,overzicht,Persoonlijke voortgang,"P03,P04,P09,P19,P20",,"A01,A02,A30,V01",,,,Persoonlijk voor lid/huishouden; beheeroverzicht binnen toegewezen scope.,,,,TE_BOUWEN_OF_VERIFIEREN
P01.F02,overzicht,Verenigingstotalen,"P08,P09,P12,P19",,"A01,A02,A30,V01",,,,Persoonlijk voor lid/huishouden; beheeroverzicht binnen toegewezen scope.,,,,TE_BOUWEN_OF_VERIFIEREN
P01.F03,overzicht,Dit vraagt je aandacht,"P13,P12,P03,P16",,"A01,A02,A30,V01",,,,Persoonlijk voor lid/huishouden; beheeroverzicht binnen toegewezen scope.,,,,TE_BOUWEN_OF_VERIFIEREN
P01.F04,overzicht,Passende taken ontdekken,"P02,P23,P17",,"A01,A02,A30,V01",,,,Persoonlijk voor lid/huishouden; beheeroverzicht binnen toegewezen scope.,,,,TE_BOUWEN_OF_VERIFIEREN
P01.F05,overzicht,Komende activiteiten en wedstrijden,"P06,P07,P04",,"A01,A02,A30,V01",,,,Persoonlijk voor lid/huishouden; beheeroverzicht binnen toegewezen scope.,,,,TE_BOUWEN_OF_VERIFIEREN
P01.F06,overzicht,Mijn teams,"P12,P04",,"A01,A02,A30,V01",,,,Persoonlijk voor lid/huishouden; beheeroverzicht binnen toegewezen scope.,,,,TE_BOUWEN_OF_VERIFIEREN
P01.F07,overzicht,Aandacht en clubmomenten,"P16,P09,P13",,"A01,A02,A30,V01",,,,Persoonlijk voor lid/huishouden; beheeroverzicht binnen toegewezen scope.,,,,TE_BOUWEN_OF_VERIFIEREN
P02.F01,taken,Open verenigingstaken,"P08,P12,P19",R01,"A13,A15,A17,A27,T01,T02,T03,T12,V02",,,,Lid en gemachtigd huishouden; beheerders alleen namens iemand binnen expliciet mandaat.,,,,TE_BOUWEN_OF_VERIFIEREN
P02.F02,taken,Zoeken en categorieën,"P23,P17,P19",,"A13,A15,A17,A27,T01,T02,T03,T12,V02",,,,Lid en gemachtigd huishouden; beheerders alleen namens iemand binnen expliciet mandaat.,,,,TE_BOUWEN_OF_VERIFIEREN
P02.F03,taken,Korte en passende taken,"P23,P17,P12",,"A13,A15,A17,A27,T01,T02,T03,T12,V02",,,,Lid en gemachtigd huishouden; beheerders alleen namens iemand binnen expliciet mandaat.,,,,TE_BOUWEN_OF_VERIFIEREN
P02.F04,taken,Taakdetails,"P03,P10,P17",,"A13,A15,A17,A27,T01,T02,T03,T12,V02",,,,Lid en gemachtigd huishouden; beheerders alleen namens iemand binnen expliciet mandaat.,,,,TE_BOUWEN_OF_VERIFIEREN
P02.F05,taken,Uitvoerder kiezen,"P09,P23,P04",,"A13,A15,A17,A27,T01,T02,T03,T12,V02",,,,Lid en gemachtigd huishouden; beheerders alleen namens iemand binnen expliciet mandaat.,,,,TE_BOUWEN_OF_VERIFIEREN
P02.F06,taken,Instructies erkennen en boeken,"P03,P08,P12,P17","R01,R05,R09,R18","A13,A15,A17,A27,T01,T02,T03,T12,V02",,,,Lid en gemachtigd huishouden; beheerders alleen namens iemand binnen expliciet mandaat.,,,,TE_BOUWEN_OF_VERIFIEREN
P02.F07,taken,Wachtlijst,"P03,P05,P14",,"A13,A15,A17,A27,T01,T02,T03,T12,V02",,,,Lid en gemachtigd huishouden; beheerders alleen namens iemand binnen expliciet mandaat.,,,,TE_BOUWEN_OF_VERIFIEREN
P02.F08,taken,Taak aanpassen,"P08,P03,P12",,"A13,A15,A17,A27,T01,T02,T03,T12,V02",,,,Lid en gemachtigd huishouden; beheerders alleen namens iemand binnen expliciet mandaat.,,,,TE_BOUWEN_OF_VERIFIEREN
P02.F09,taken,Passende taak aanvragen,"P09,P13,P19,P20",,"A13,A15,A17,A27,T01,T02,T03,T12,V02",,,,Lid en gemachtigd huishouden; beheerders alleen namens iemand binnen expliciet mandaat.,,,,TE_BOUWEN_OF_VERIFIEREN
P02.F10,taken,Vaste vrijwilligersfunctie verkennen,"P18,P09,P22",,"A13,A15,A17,A27,T01,T02,T03,T12,V02",,,,Lid en gemachtigd huishouden; beheerders alleen namens iemand binnen expliciet mandaat.,,,,TE_BOUWEN_OF_VERIFIEREN
P03.F01,diensten,Komende verenigingstaken,"P02,P04,P09","R01,R05","A14,A15,A29,T04,T05,T07,T08,T13,T14,T18,C05,C10,F02,V03",,,,Eigen verplichting/huishouden; uitvoeringscontrole door bevoegde commissie of teambeheerder binnen taakscope.,,,,TE_BOUWEN_OF_VERIFIEREN
P03.F02,diensten,Te bevestigen en historie,"P13,P19,P20","R07,R09","A14,A15,A29,T04,T05,T07,T08,T13,T14,T18,C05,C10,F02,V03",,,,Eigen verplichting/huishouden; uitvoeringscontrole door bevoegde commissie of teambeheerder binnen taakscope.,,,,TE_BOUWEN_OF_VERIFIEREN
P03.F03,diensten,Toegewezen teamplaatsen,"P12,P04,P13",R02,"A14,A15,A29,T04,T05,T07,T08,T13,T14,T18,C05,C10,F02,V03",,,,Eigen verplichting/huishouden; uitvoeringscontrole door bevoegde commissie of teambeheerder binnen taakscope.,,,,TE_BOUWEN_OF_VERIFIEREN
P03.F04,diensten,Taken via mijn teams,"P12,P04,P09",,"A14,A15,A29,T04,T05,T07,T08,T13,T14,T18,C05,C10,F02,V03",,,,Eigen verplichting/huishouden; uitvoeringscontrole door bevoegde commissie of teambeheerder binnen taakscope.,,,,TE_BOUWEN_OF_VERIFIEREN
P03.F05,diensten,Uitvoering bevestigen,"P12,P09,P13,P19,P20","R01,R02,R03,R08,R16","A14,A15,A29,T04,T05,T07,T08,T13,T14,T18,C05,C10,F02,V03",,,,Eigen verplichting/huishouden; uitvoeringscontrole door bevoegde commissie of teambeheerder binnen taakscope.,,,,TE_BOUWEN_OF_VERIFIEREN
P03.F06,diensten,Niet verschenen registreren,"P09,P20,P13",,"A14,A15,A29,T04,T05,T07,T08,T13,T14,T18,C05,C10,F02,V03",,,,Eigen verplichting/huishouden; uitvoeringscontrole door bevoegde commissie of teambeheerder binnen taakscope.,,,,TE_BOUWEN_OF_VERIFIEREN
P03.F07,diensten,Afmelden binnen afspraak,"P05,P02,P09,P12",,"A14,A15,A29,T04,T05,T07,T08,T13,T14,T18,C05,C10,F02,V03",,,,Eigen verplichting/huishouden; uitvoeringscontrole door bevoegde commissie of teambeheerder binnen taakscope.,,,,TE_BOUWEN_OF_VERIFIEREN
P03.F08,diensten,Ziekte of verhindering melden,"P12,P13,P14,P15",,"A14,A15,A29,T04,T05,T07,T08,T13,T14,T18,C05,C10,F02,V03",,,,Eigen verplichting/huishouden; uitvoeringscontrole door bevoegde commissie of teambeheerder binnen taakscope.,,,,TE_BOUWEN_OF_VERIFIEREN
P03.F09,diensten,Overname vragen,"P05,P12,P14",R07,"A14,A15,A29,T04,T05,T07,T08,T13,T14,T18,C05,C10,F02,V03",,,,Eigen verplichting/huishouden; uitvoeringscontrole door bevoegde commissie of teambeheerder binnen taakscope.,,,,TE_BOUWEN_OF_VERIFIEREN
P03.F10,diensten,Urenvraag en correctie,"P09,P13,P20",R08,"A14,A15,A29,T04,T05,T07,T08,T13,T14,T18,C05,C10,F02,V03",,,,Eigen verplichting/huishouden; uitvoeringscontrole door bevoegde commissie of teambeheerder binnen taakscope.,,,,TE_BOUWEN_OF_VERIFIEREN
P03.F11,diensten,Ervaring delen,"P16,P12,P23,P18",R16,"A14,A15,A29,T04,T05,T07,T08,T13,T14,T18,C05,C10,F02,V03",,,,Eigen verplichting/huishouden; uitvoeringscontrole door bevoegde commissie of teambeheerder binnen taakscope.,,,,TE_BOUWEN_OF_VERIFIEREN
P04.F01,gezin,Een huishoudmeter,"P09,P03,P12,P20","R02,R11","A01,A02,A30,T04,T05,T06,T07,T13,T15,C03,C04,V04",,,,"Alleen het eigen huishouden of expliciet gemachtigde dossiercontext, ook voor een beheerder.",,,,TE_BOUWEN_OF_VERIFIEREN
P04.F02,gezin,Meters per kind en team,"P12,P03",,"A01,A02,A30,T04,T05,T06,T07,T13,T15,C03,C04,V04",,,,"Alleen het eigen huishouden of expliciet gemachtigde dossiercontext, ook voor een beheerder.",,,,TE_BOUWEN_OF_VERIFIEREN
P04.F03,gezin,Gecombineerde tijdlijn,"P03,P12,P07,P06","R05,R07","A01,A02,A30,T04,T05,T06,T07,T13,T15,C03,C04,V04",,,,"Alleen het eigen huishouden of expliciet gemachtigde dossiercontext, ook voor een beheerder.",,,,TE_BOUWEN_OF_VERIFIEREN
P04.F04,gezin,Komend en historie,"P03,P19",,"A01,A02,A30,T04,T05,T06,T07,T13,T15,C03,C04,V04",,,,"Alleen het eigen huishouden of expliciet gemachtigde dossiercontext, ook voor een beheerder.",,,,TE_BOUWEN_OF_VERIFIEREN
P04.F05,gezin,Planningswaarschuwingen,"P02,P12,P07,P23",R05,"A01,A02,A30,T04,T05,T06,T07,T13,T15,C03,C04,V04",,,,"Alleen het eigen huishouden of expliciet gemachtigde dossiercontext, ook voor een beheerder.",,,,TE_BOUWEN_OF_VERIFIEREN
P04.F06,gezin,Uitvoerder kiezen,"P12,P03,P13",R02,"A01,A02,A30,T04,T05,T06,T07,T13,T15,C03,C04,V04",,,,"Alleen het eigen huishouden of expliciet gemachtigde dossiercontext, ook voor een beheerder.",,,,TE_BOUWEN_OF_VERIFIEREN
P04.F07,gezin,Afspraak en overname bekijken,"P03,P12,P14",,"A01,A02,A30,T04,T05,T06,T07,T13,T15,C03,C04,V04",,,,"Alleen het eigen huishouden of expliciet gemachtigde dossiercontext, ook voor een beheerder.",,,,TE_BOUWEN_OF_VERIFIEREN
P04.F08,gezin,Terugblik op uitvoering,"P16,P23,P18",,"A01,A02,A30,T04,T05,T06,T07,T13,T15,C03,C04,V04",,,,"Alleen het eigen huishouden of expliciet gemachtigde dossiercontext, ook voor een beheerder.",,,,TE_BOUWEN_OF_VERIFIEREN
P05.F01,ruilmarkt,Open overnameverzoeken,"P03,P12,P02",R07,"A14,V05",,,,Geschikte toegestane uitvoerders; ruilinstemming door de betrokken accounts of expliciet gemachtigde actor.,,,,TE_BOUWEN_OF_VERIFIEREN
P05.F02,ruilmarkt,Passende vervanger kiezen,"P23,P17,P09",R07,"A14,V05",,,,Geschikte toegestane uitvoerders; ruilinstemming door de betrokken accounts of expliciet gemachtigde actor.,,,,TE_BOUWEN_OF_VERIFIEREN
P05.F03,ruilmarkt,Definitief overnemen,"P03,P04,P08,P14",R07,"A14,V05",,,,Geschikte toegestane uitvoerders; ruilinstemming door de betrokken accounts of expliciet gemachtigde actor.,,,,TE_BOUWEN_OF_VERIFIEREN
P05.F04,ruilmarkt,Wederzijds ruilen,"P03,P17,P09",R07,"A14,V05",,,,Geschikte toegestane uitvoerders; ruilinstemming door de betrokken accounts of expliciet gemachtigde actor.,,,,TE_BOUWEN_OF_VERIFIEREN
P05.F05,ruilmarkt,Verlopen of gewijzigde ruil,"P03,P13,P14",,"A14,V05",,,,Geschikte toegestane uitvoerders; ruilinstemming door de betrokken accounts of expliciet gemachtigde actor.,,,,TE_BOUWEN_OF_VERIFIEREN
P06.F01,agenda,Maandkalender en lagen,"P04,P07,P03,P12",,"A25,V06",,,,"Alleen toegestane verenigings-, commissie-, team- en huishouditems.",,,,TE_BOUWEN_OF_VERIFIEREN
P06.F02,agenda,Kalenderitem openen,"P10,P12,P14",,"A25,V06",,,,"Alleen toegestane verenigings-, commissie-, team- en huishouditems.",,,,TE_BOUWEN_OF_VERIFIEREN
P06.F03,agenda,Activiteit maken,"P10,P11,P16,P17",,"A25,V06",,,,"Alleen toegestane verenigings-, commissie-, team- en huishouditems.",,,,TE_BOUWEN_OF_VERIFIEREN
P06.F04,agenda,Locatieconflict controleren,"P08,P07",,"A25,V06",,,,"Alleen toegestane verenigings-, commissie-, team- en huishouditems.",,,,TE_BOUWEN_OF_VERIFIEREN
P06.F05,agenda,Aanwezigheid bij activiteit,"P14,P19",,"A25,V06",,,,"Alleen toegestane verenigings-, commissie-, team- en huishouditems.",,,,TE_BOUWEN_OF_VERIFIEREN
P06.F06,agenda,Herhaling van activiteiten,"P22,P14,P08",,"A25,V06",,,,"Alleen toegestane verenigings-, commissie-, team- en huishouditems.",,,,TE_BOUWEN_OF_VERIFIEREN
P07.F01,wedstrijden,Wedstrijdprogramma filteren,"P04,P06,P12",R05,"A18,A19,T09,T11,C04,O04,O06,O09,V07",,,,Wedstrijdinzage volgens teamscope; import en gevolgenbeoordeling alleen voor bevoegd beheer.,,,,TE_BOUWEN_OF_VERIFIEREN
P07.F02,wedstrijden,Nu synchroniseren,"P22,P14,P13",R13,"A18,A19,T09,T11,C04,O04,O06,O09,V07",,,,Wedstrijdinzage volgens teamscope; import en gevolgenbeoordeling alleen voor bevoegd beheer.,,,,TE_BOUWEN_OF_VERIFIEREN
P07.F03,wedstrijden,Taakvoorstellen bij thuiswedstrijd,"P08,P02,P10",R13,"A18,A19,T09,T11,C04,O04,O06,O09,V07",,,,Wedstrijdinzage volgens teamscope; import en gevolgenbeoordeling alleen voor bevoegd beheer.,,,,TE_BOUWEN_OF_VERIFIEREN
P07.F04,wedstrijden,Wijzigingsgevolgen bekijken,"P08,P12,P03,P13",R13,"A18,A19,T09,T11,C04,O04,O06,O09,V07",,,,Wedstrijdinzage volgens teamscope; import en gevolgenbeoordeling alleen voor bevoegd beheer.,,,,TE_BOUWEN_OF_VERIFIEREN
P07.F05,wedstrijden,Tijden behouden en informeren,"P08,P14,P06",R13,"A18,A19,T09,T11,C04,O04,O06,O09,V07",,,,Wedstrijdinzage volgens teamscope; import en gevolgenbeoordeling alleen voor bevoegd beheer.,,,,TE_BOUWEN_OF_VERIFIEREN
P08.F01,planbord,Rooster per commissie en datum,"P02,P10,P12,P07",,"A13,A16,A17,T01,T02,T03,T09,T12,C01,C03,V08",,,,Eigen commissie voor commissiecoördinator; centrale verdeling voor vrijwilligerscommissie/bestuur.,,,,TE_BOUWEN_OF_VERIFIEREN
P08.F02,planbord,Verenigingstaak maken,"P02,P03,P17,P22",R01,"A13,A16,A17,T01,T02,T03,T09,T12,C01,C03,V08",,,,Eigen commissie voor commissiecoördinator; centrale verdeling voor vrijwilligerscommissie/bestuur.,,,,TE_BOUWEN_OF_VERIFIEREN
P08.F03,planbord,Vrije markt of team kiezen,"P12,P22,P02",,"A13,A16,A17,T01,T02,T03,T09,T12,C01,C03,V08",,,,Eigen commissie voor commissiecoördinator; centrale verdeling voor vrijwilligerscommissie/bestuur.,,,,TE_BOUWEN_OF_VERIFIEREN
P08.F04,planbord,Taak openen en bewerken,"P03,P12,P07",,"A13,A16,A17,T01,T02,T03,T09,T12,C01,C03,V08",,,,Eigen commissie voor commissiecoördinator; centrale verdeling voor vrijwilligerscommissie/bestuur.,,,,TE_BOUWEN_OF_VERIFIEREN
P08.F05,planbord,Tijdblok verplaatsen of verlengen,"P03,P06,P12",,"A13,A16,A17,T01,T02,T03,T09,T12,C01,C03,V08",,,,Eigen commissie voor commissiecoördinator; centrale verdeling voor vrijwilligerscommissie/bestuur.,,,,TE_BOUWEN_OF_VERIFIEREN
P08.F06,planbord,Roostersjabloon toepassen,"P07,P22,P02",R13,"A13,A16,A17,T01,T02,T03,T09,T12,C01,C03,V08",,,,Eigen commissie voor commissiecoördinator; centrale verdeling voor vrijwilligerscommissie/bestuur.,,,,TE_BOUWEN_OF_VERIFIEREN
P08.F07,planbord,Concepten publiceren,"P02,P14,P21","R01,R13,R15","A13,A16,A17,T01,T02,T03,T09,T12,C01,C03,V08",,,,Eigen commissie voor commissiecoördinator; centrale verdeling voor vrijwilligerscommissie/bestuur.,,,,TE_BOUWEN_OF_VERIFIEREN
P08.F08,planbord,Vrije plaatsen clusteren,"P12,P02,P03",R02,"A13,A16,A17,T01,T02,T03,T09,T12,C01,C03,V08",,,,Eigen commissie voor commissiecoördinator; centrale verdeling voor vrijwilligerscommissie/bestuur.,,,,TE_BOUWEN_OF_VERIFIEREN
P08.F09,planbord,Teamadvies bij cluster,"P12,P04,P23,P17",,"A13,A16,A17,T01,T02,T03,T09,T12,C01,C03,V08",,,,Eigen commissie voor commissiecoördinator; centrale verdeling voor vrijwilligerscommissie/bestuur.,,,,TE_BOUWEN_OF_VERIFIEREN
P08.F10,planbord,Clusterbezetting volgen,"P12,P13,P19",,"A13,A16,A17,T01,T02,T03,T09,T12,C01,C03,V08",,,,Eigen commissie voor commissiecoördinator; centrale verdeling voor vrijwilligerscommissie/bestuur.,,,,TE_BOUWEN_OF_VERIFIEREN
P08.F11,planbord,Cluster vrijgeven,"P02,P12,P03",,"A13,A16,A17,T01,T02,T03,T09,T12,C01,C03,V08",,,,Eigen commissie voor commissiecoördinator; centrale verdeling voor vrijwilligerscommissie/bestuur.,,,,TE_BOUWEN_OF_VERIFIEREN
P09.F01,huishoudens,Dossiers zoeken en filteren,"P01,P19,P20",,"A01,A02,A03,A04,A05,A06,A07,A08,A09,A10,A26,A29,T02,T05,T07,T08,T10,T15,T16,T17,T18,C09,F01,F02,O07,O09,O10,V09",,,,"Vrijwilligerscommissie/bestuur; vrijwilligerscoördinator uitsluitend portefeuille, financiële details apart afgeschermd.",,,,TE_BOUWEN_OF_VERIFIEREN
P09.F02,huishoudens,Nieuw huishouddossier,"P23,P22,P20",R11,"A01,A02,A03,A04,A05,A06,A07,A08,A09,A10,A26,A29,T02,T05,T07,T08,T10,T15,T16,T17,T18,C09,F01,F02,O07,O09,O10,V09",,,,"Vrijwilligerscommissie/bestuur; vrijwilligerscoördinator uitsluitend portefeuille, financiële details apart afgeschermd.",,,,TE_BOUWEN_OF_VERIFIEREN
P09.F03,huishoudens,Huishouddossier openen,"P03,P04,P12,P20","R01,R03","A01,A02,A03,A04,A05,A06,A07,A08,A09,A10,A26,A29,T02,T05,T07,T08,T10,T15,T16,T17,T18,C09,F01,F02,O07,O09,O10,V09",,,,"Vrijwilligerscommissie/bestuur; vrijwilligerscoördinator uitsluitend portefeuille, financiële details apart afgeschermd.",,,,TE_BOUWEN_OF_VERIFIEREN
P09.F04,huishoudens,Personen en verificatie,"P23,P22",,"A01,A02,A03,A04,A05,A06,A07,A08,A09,A10,A26,A29,T02,T05,T07,T08,T10,T15,T16,T17,T18,C09,F01,F02,O07,O09,O10,V09",,,,"Vrijwilligerscommissie/bestuur; vrijwilligerscoördinator uitsluitend portefeuille, financiële details apart afgeschermd.",,,,TE_BOUWEN_OF_VERIFIEREN
P09.F05,huishoudens,Extra uitvoerder uitnodigen,"P22,P23,P02",R11,"A01,A02,A03,A04,A05,A06,A07,A08,A09,A10,A26,A29,T02,T05,T07,T08,T10,T15,T16,T17,T18,C09,F01,F02,O07,O09,O10,V09",,,,"Vrijwilligerscommissie/bestuur; vrijwilligerscoördinator uitsluitend portefeuille, financiële details apart afgeschermd.",,,,TE_BOUWEN_OF_VERIFIEREN
P09.F06,huishoudens,Individuele afspraak aanvragen,"P20,P13,P22",,"A01,A02,A03,A04,A05,A06,A07,A08,A09,A10,A26,A29,T02,T05,T07,T08,T10,T15,T16,T17,T18,C09,F01,F02,O07,O09,O10,V09",,,,"Vrijwilligerscommissie/bestuur; vrijwilligerscoördinator uitsluitend portefeuille, financiële details apart afgeschermd.",,,,TE_BOUWEN_OF_VERIFIEREN
P09.F07,huishoudens,Aanvragen beoordelen,"P13,P20,P15","R08,R20","A01,A02,A03,A04,A05,A06,A07,A08,A09,A10,A26,A29,T02,T05,T07,T08,T10,T15,T16,T17,T18,C09,F01,F02,O07,O09,O10,V09",,,,"Vrijwilligerscommissie/bestuur; vrijwilligerscoördinator uitsluitend portefeuille, financiële details apart afgeschermd.",,,,TE_BOUWEN_OF_VERIFIEREN
P09.F08,huishoudens,Vaste vrijwilligersrol erkennen,"P18,P22,P20",R10,"A01,A02,A03,A04,A05,A06,A07,A08,A09,A10,A26,A29,T02,T05,T07,T08,T10,T15,T16,T17,T18,C09,F01,F02,O07,O09,O10,V09",,,,"Vrijwilligerscommissie/bestuur; vrijwilligerscoördinator uitsluitend portefeuille, financiële details apart afgeschermd.",,,,TE_BOUWEN_OF_VERIFIEREN
P09.F09,huishoudens,Einde rol opvolgen,"P22,P13,P20",R10,"A01,A02,A03,A04,A05,A06,A07,A08,A09,A10,A26,A29,T02,T05,T07,T08,T10,T15,T16,T17,T18,C09,F01,F02,O07,O09,O10,V09",,,,"Vrijwilligerscommissie/bestuur; vrijwilligerscoördinator uitsluitend portefeuille, financiële details apart afgeschermd.",,,,TE_BOUWEN_OF_VERIFIEREN
P09.F10,huishoudens,Huishoudens koppelen splitsen herstellen,"P23,P04,P20",R11,"A01,A02,A03,A04,A05,A06,A07,A08,A09,A10,A26,A29,T02,T05,T07,T08,T10,T15,T16,T17,T18,C09,F01,F02,O07,O09,O10,V09",,,,"Vrijwilligerscommissie/bestuur; vrijwilligerscoördinator uitsluitend portefeuille, financiële details apart afgeschermd.",,,,TE_BOUWEN_OF_VERIFIEREN
P09.F11,huishoudens,Wintertekort passend plannen,"P03,P02,P12,P20",R09,"A01,A02,A03,A04,A05,A06,A07,A08,A09,A10,A26,A29,T02,T05,T07,T08,T10,T15,T16,T17,T18,C09,F01,F02,O07,O09,O10,V09",,,,"Vrijwilligerscommissie/bestuur; vrijwilligerscoördinator uitsluitend portefeuille, financiële details apart afgeschermd.",,,,TE_BOUWEN_OF_VERIFIEREN
P09.F12,huishoudens,Dossierhistorie,"P22,P20,P23",,"A01,A02,A03,A04,A05,A06,A07,A08,A09,A10,A26,A29,T02,T05,T07,T08,T10,T15,T16,T17,T18,C09,F01,F02,O07,O09,O10,V09",,,,"Vrijwilligerscommissie/bestuur; vrijwilligerscoördinator uitsluitend portefeuille, financiële details apart afgeschermd.",,,,TE_BOUWEN_OF_VERIFIEREN
P09.F13,huishoudens,CSV-overzicht exporteren,"P19,P20,P12",,"A01,A02,A03,A04,A05,A06,A07,A08,A09,A10,A26,A29,T02,T05,T07,T08,T10,T15,T16,T17,T18,C09,F01,F02,O07,O09,O10,V09",,,,"Vrijwilligerscommissie/bestuur; vrijwilligerscoördinator uitsluitend portefeuille, financiële details apart afgeschermd.",,,,TE_BOUWEN_OF_VERIFIEREN
P10.F01,commissies,Commissie kiezen,"P08,P11,P14",,"A24,A25,C11,V10",,,,Eigen commissie en expliciete leden/document-ACL; centraal beheer volgens mandaat.,,,,TE_BOUWEN_OF_VERIFIEREN
P10.F02,commissies,Actueel werk bekijken,"P08,P11,P14",R12,"A24,A25,C11,V10",,,,Eigen commissie en expliciete leden/document-ACL; centraal beheer volgens mandaat.,,,,TE_BOUWEN_OF_VERIFIEREN
P10.F03,commissies,Commissielid toevoegen,"P22,P18",,"A24,A25,C11,V10",,,,Eigen commissie en expliciete leden/document-ACL; centraal beheer volgens mandaat.,,,,TE_BOUWEN_OF_VERIFIEREN
P10.F04,commissies,Coordinator wijzigen,"P22,P13",,"A24,A25,C11,V10",,,,Eigen commissie en expliciete leden/document-ACL; centraal beheer volgens mandaat.,,,,TE_BOUWEN_OF_VERIFIEREN
P10.F05,commissies,Documenten en instructies zoeken,"P02,P12,P11",,"A24,A25,C11,V10",,,,Eigen commissie en expliciete leden/document-ACL; centraal beheer volgens mandaat.,,,,TE_BOUWEN_OF_VERIFIEREN
P10.F06,commissies,Kennis toevoegen,"P02,P11,P14",,"A24,A25,C11,V10",,,,Eigen commissie en expliciete leden/document-ACL; centraal beheer volgens mandaat.,,,,TE_BOUWEN_OF_VERIFIEREN
P10.F07,commissies,Documentversie bewerken,"P02,P03,P12",,"A24,A25,C11,V10",,,,Eigen commissie en expliciete leden/document-ACL; centraal beheer volgens mandaat.,,,,TE_BOUWEN_OF_VERIFIEREN
P10.F08,commissies,Document downloaden,"P11,P22",,"A24,A25,C11,V10",,,,Eigen commissie en expliciete leden/document-ACL; centraal beheer volgens mandaat.,,,,TE_BOUWEN_OF_VERIFIEREN
P11.F01,kanban,Bord en commissie kiezen,"P10,P13",,"A24,A25,O07,V11",,,,Boardleden/commissie binnen bronrechten; persoonlijk alleen eigen toegestane kaarten.,,,,TE_BOUWEN_OF_VERIFIEREN
P11.F02,kanban,Kaart maken,"P13,P10",R12,"A24,A25,O07,V11",,,,Boardleden/commissie binnen bronrechten; persoonlijk alleen eigen toegestane kaarten.,,,,TE_BOUWEN_OF_VERIFIEREN
P11.F03,kanban,Kolom maken en ordenen,"P10,P22",,"A24,A25,O07,V11",,,,Boardleden/commissie binnen bronrechten; persoonlijk alleen eigen toegestane kaarten.,,,,TE_BOUWEN_OF_VERIFIEREN
P11.F04,kanban,Kaart verplaatsen en afronden,"P03,P12,P19",R12,"A24,A25,O07,V11",,,,Boardleden/commissie binnen bronrechten; persoonlijk alleen eigen toegestane kaarten.,,,,TE_BOUWEN_OF_VERIFIEREN
P11.F05,kanban,Omschrijving en planning bewerken,"P06,P13",,"A24,A25,O07,V11",,,,Boardleden/commissie binnen bronrechten; persoonlijk alleen eigen toegestane kaarten.,,,,TE_BOUWEN_OF_VERIFIEREN
P11.F06,kanban,Meerdere uitvoerders en aanspreekpunt,"P10,P13,P14",R12,"A24,A25,O07,V11",,,,Boardleden/commissie binnen bronrechten; persoonlijk alleen eigen toegestane kaarten.,,,,TE_BOUWEN_OF_VERIFIEREN
P11.F07,kanban,Checklist en subtaken,"P13,P14",R12,"A24,A25,O07,V11",,,,Boardleden/commissie binnen bronrechten; persoonlijk alleen eigen toegestane kaarten.,,,,TE_BOUWEN_OF_VERIFIEREN
P11.F08,kanban,Reacties en mentions,"P14,P13",R12,"A24,A25,O07,V11",,,,Boardleden/commissie binnen bronrechten; persoonlijk alleen eigen toegestane kaarten.,,,,TE_BOUWEN_OF_VERIFIEREN
P11.F09,kanban,Bijlage toevoegen en downloaden,"P10,P22",,"A24,A25,O07,V11",,,,Boardleden/commissie binnen bronrechten; persoonlijk alleen eigen toegestane kaarten.,,,,TE_BOUWEN_OF_VERIFIEREN
P11.F10,kanban,Agenda of verenigingstaak koppelen,"P06,P08,P02",,"A24,A25,O07,V11",,,,Boardleden/commissie binnen bronrechten; persoonlijk alleen eigen toegestane kaarten.,,,,TE_BOUWEN_OF_VERIFIEREN
P11.F11,kanban,Historie en toegankelijk openen,"P22,P13",,"A24,A25,O07,V11",,,,Boardleden/commissie binnen bronrechten; persoonlijk alleen eigen toegestane kaarten.,,,,TE_BOUWEN_OF_VERIFIEREN
P12.F01,teams,Team kiezen en statusmeters,"P01,P04,P13,P08",,"A12,A13,A14,A27,A30,T01,T02,T03,T04,T05,T06,T07,T08,T09,T10,T11,T12,T13,T14,T15,T16,T17,T18,C01,C02,C03,C04,C05,C06,C07,C08,C09,C11,O06,O10,V12",,,,Eigen teamhuishouden ziet eigen benodigde voortgang; teamouder beheert eigen team; commissie verdeelt verenigingstaken.,,,,TE_BOUWEN_OF_VERIFIEREN
P12.F02,teams,Besloten teamtakenmarkt,"P02,P08,P03",R02,"A12,A13,A14,A27,A30,T01,T02,T03,T04,T05,T06,T07,T08,T09,T10,T11,T12,T13,T14,T15,T16,T17,T18,C01,C02,C03,C04,C05,C06,C07,C08,C09,C11,O06,O10,V12",,,,Eigen teamhuishouden ziet eigen benodigde voortgang; teamouder beheert eigen team; commissie verdeelt verenigingstaken.,,,,TE_BOUWEN_OF_VERIFIEREN
P12.F03,teams,Inschrijfwijze per cluster,"P08,P13,P14",R06,"A12,A13,A14,A27,A30,T01,T02,T03,T04,T05,T06,T07,T08,T09,T10,T11,T12,T13,T14,T15,T16,T17,T18,C01,C02,C03,C04,C05,C06,C07,C08,C09,C11,O06,O10,V12",,,,Eigen teamhuishouden ziet eigen benodigde voortgang; teamouder beheert eigen team; commissie verdeelt verenigingstaken.,,,,TE_BOUWEN_OF_VERIFIEREN
P12.F04,teams,Teamplanning en clusters,"P03,P04,P08","R02,R05,R17","A12,A13,A14,A27,A30,T01,T02,T03,T04,T05,T06,T07,T08,T09,T10,T11,T12,T13,T14,T15,T16,T17,T18,C01,C02,C03,C04,C05,C06,C07,C08,C09,C11,O06,O10,V12",,,,Eigen teamhuishouden ziet eigen benodigde voortgang; teamouder beheert eigen team; commissie verdeelt verenigingstaken.,,,,TE_BOUWEN_OF_VERIFIEREN
P12.F05,teams,Plaats aan lid toewijzen,"P04,P13,P23","R02,R04","A12,A13,A14,A27,A30,T01,T02,T03,T04,T05,T06,T07,T08,T09,T10,T11,T12,T13,T14,T15,T16,T17,T18,C01,C02,C03,C04,C05,C06,C07,C08,C09,C11,O06,O10,V12",,,,Eigen teamhuishouden ziet eigen benodigde voortgang; teamouder beheert eigen team; commissie verdeelt verenigingstaken.,,,,TE_BOUWEN_OF_VERIFIEREN
P12.F06,teams,Toewijzing opnieuw vrijmaken,"P03,P08,P13",,"A12,A13,A14,A27,A30,T01,T02,T03,T04,T05,T06,T07,T08,T09,T10,T11,T12,T13,T14,T15,T16,T17,T18,C01,C02,C03,C04,C05,C06,C07,C08,C09,C11,O06,O10,V12",,,,Eigen teamhuishouden ziet eigen benodigde voortgang; teamouder beheert eigen team; commissie verdeelt verenigingstaken.,,,,TE_BOUWEN_OF_VERIFIEREN
P12.F07,teams,Huishouden kiest uitvoerder,"P04,P03,P09,P17","R02,R03,R06,R09,R18","A12,A13,A14,A27,A30,T01,T02,T03,T04,T05,T06,T07,T08,T09,T10,T11,T12,T13,T14,T15,T16,T17,T18,C01,C02,C03,C04,C05,C06,C07,C08,C09,C11,O06,O10,V12",,,,Eigen teamhuishouden ziet eigen benodigde voortgang; teamouder beheert eigen team; commissie verdeelt verenigingstaken.,,,,TE_BOUWEN_OF_VERIFIEREN
P12.F08,teams,Vrijwillig extra helpen,"P23,P09,P13",R06,"A12,A13,A14,A27,A30,T01,T02,T03,T04,T05,T06,T07,T08,T09,T10,T11,T12,T13,T14,T15,T16,T17,T18,C01,C02,C03,C04,C05,C06,C07,C08,C09,C11,O06,O10,V12",,,,Eigen teamhuishouden ziet eigen benodigde voortgang; teamouder beheert eigen team; commissie verdeelt verenigingstaken.,,,,TE_BOUWEN_OF_VERIFIEREN
P12.F09,teams,Verhindering en vervanging,"P03,P04,P13,P14",,"A12,A13,A14,A27,A30,T01,T02,T03,T04,T05,T06,T07,T08,T09,T10,T11,T12,T13,T14,T15,T16,T17,T18,C01,C02,C03,C04,C05,C06,C07,C08,C09,C11,O06,O10,V12",,,,Eigen teamhuishouden ziet eigen benodigde voortgang; teamouder beheert eigen team; commissie verdeelt verenigingstaken.,,,,TE_BOUWEN_OF_VERIFIEREN
P12.F10,teams,Eigen teamtaak publiceren,"P07,P17,P08","R03,R16","A12,A13,A14,A27,A30,T01,T02,T03,T04,T05,T06,T07,T08,T09,T10,T11,T12,T13,T14,T15,T16,T17,T18,C01,C02,C03,C04,C05,C06,C07,C08,C09,C11,O06,O10,V12",,,,Eigen teamhuishouden ziet eigen benodigde voortgang; teamouder beheert eigen team; commissie verdeelt verenigingstaken.,,,,TE_BOUWEN_OF_VERIFIEREN
P12.F11,teams,Wekelijks herhalen,"P06,P07,P22",R03,"A12,A13,A14,A27,A30,T01,T02,T03,T04,T05,T06,T07,T08,T09,T10,T11,T12,T13,T14,T15,T16,T17,T18,C01,C02,C03,C04,C05,C06,C07,C08,C09,C11,O06,O10,V12",,,,Eigen teamhuishouden ziet eigen benodigde voortgang; teamouder beheert eigen team; commissie verdeelt verenigingstaken.,,,,TE_BOUWEN_OF_VERIFIEREN
P12.F12,teams,Verenigingsuren aanvragen,"P08,P09,P19,P20",R03,"A12,A13,A14,A27,A30,T01,T02,T03,T04,T05,T06,T07,T08,T09,T10,T11,T12,T13,T14,T15,T16,T17,T18,C01,C02,C03,C04,C05,C06,C07,C08,C09,C11,O06,O10,V12",,,,Eigen teamhuishouden ziet eigen benodigde voortgang; teamouder beheert eigen team; commissie verdeelt verenigingstaken.,,,,TE_BOUWEN_OF_VERIFIEREN
P12.F13,teams,Teamdoel per seizoen,"P04,P09,P22","R04,R21","A12,A13,A14,A27,A30,T01,T02,T03,T04,T05,T06,T07,T08,T09,T10,T11,T12,T13,T14,T15,T16,T17,T18,C01,C02,C03,C04,C05,C06,C07,C08,C09,C11,O06,O10,V12",,,,Eigen teamhuishouden ziet eigen benodigde voortgang; teamouder beheert eigen team; commissie verdeelt verenigingstaken.,,,,TE_BOUWEN_OF_VERIFIEREN
P12.F14,teams,Individuele doelafwijking,"P04,P13,P22",R04,"A12,A13,A14,A27,A30,T01,T02,T03,T04,T05,T06,T07,T08,T09,T10,T11,T12,T13,T14,T15,T16,T17,T18,C01,C02,C03,C04,C05,C06,C07,C08,C09,C11,O06,O10,V12",,,,Eigen teamhuishouden ziet eigen benodigde voortgang; teamouder beheert eigen team; commissie verdeelt verenigingstaken.,,,,TE_BOUWEN_OF_VERIFIEREN
P12.F15,teams,Voortgang per lid,"P03,P04,P19","R02,R03,R17","A12,A13,A14,A27,A30,T01,T02,T03,T04,T05,T06,T07,T08,T09,T10,T11,T12,T13,T14,T15,T16,T17,T18,C01,C02,C03,C04,C05,C06,C07,C08,C09,C11,O06,O10,V12",,,,Eigen teamhuishouden ziet eigen benodigde voortgang; teamouder beheert eigen team; commissie verdeelt verenigingstaken.,,,,TE_BOUWEN_OF_VERIFIEREN
P12.F16,teams,Huishoudvoortgang van team,"P09,P04,P20",,"A12,A13,A14,A27,A30,T01,T02,T03,T04,T05,T06,T07,T08,T09,T10,T11,T12,T13,T14,T15,T16,T17,T18,C01,C02,C03,C04,C05,C06,C07,C08,C09,C11,O06,O10,V12",,,,Eigen teamhuishouden ziet eigen benodigde voortgang; teamouder beheert eigen team; commissie verdeelt verenigingstaken.,,,,TE_BOUWEN_OF_VERIFIEREN
P12.F17,teams,Slim verdeelvoorstel,"P23,P17,P04,P09",R04,"A12,A13,A14,A27,A30,T01,T02,T03,T04,T05,T06,T07,T08,T09,T10,T11,T12,T13,T14,T15,T16,T17,T18,C01,C02,C03,C04,C05,C06,C07,C08,C09,C11,O06,O10,V12",,,,Eigen teamhuishouden ziet eigen benodigde voortgang; teamouder beheert eigen team; commissie verdeelt verenigingstaken.,,,,TE_BOUWEN_OF_VERIFIEREN
P12.F18,teams,Voorstel aanpassen en bevestigen,"P13,P04,P03",R04,"A12,A13,A14,A27,A30,T01,T02,T03,T04,T05,T06,T07,T08,T09,T10,T11,T12,T13,T14,T15,T16,T17,T18,C01,C02,C03,C04,C05,C06,C07,C08,C09,C11,O06,O10,V12",,,,Eigen teamhuishouden ziet eigen benodigde voortgang; teamouder beheert eigen team; commissie verdeelt verenigingstaken.,,,,TE_BOUWEN_OF_VERIFIEREN
P12.F19,teams,Deadlines en escalatie,"P13,P14,P08",R06,"A12,A13,A14,A27,A30,T01,T02,T03,T04,T05,T06,T07,T08,T09,T10,T11,T12,T13,T14,T15,T16,T17,T18,C01,C02,C03,C04,C05,C06,C07,C08,C09,C11,O06,O10,V12",,,,Eigen teamhuishouden ziet eigen benodigde voortgang; teamouder beheert eigen team; commissie verdeelt verenigingstaken.,,,,TE_BOUWEN_OF_VERIFIEREN
P12.F20,teams,Passende reservepool benaderen,"P23,P14,P13",R06,"A12,A13,A14,A27,A30,T01,T02,T03,T04,T05,T06,T07,T08,T09,T10,T11,T12,T13,T14,T15,T16,T17,T18,C01,C02,C03,C04,C05,C06,C07,C08,C09,C11,O06,O10,V12",,,,Eigen teamhuishouden ziet eigen benodigde voortgang; teamouder beheert eigen team; commissie verdeelt verenigingstaken.,,,,TE_BOUWEN_OF_VERIFIEREN
P12.F21,teams,Overdracht voorbereiden en aannemen,"P13,P14,P22,P09",R17,"A12,A13,A14,A27,A30,T01,T02,T03,T04,T05,T06,T07,T08,T09,T10,T11,T12,T13,T14,T15,T16,T17,T18,C01,C02,C03,C04,C05,C06,C07,C08,C09,C11,O06,O10,V12",,,,Eigen teamhuishouden ziet eigen benodigde voortgang; teamouder beheert eigen team; commissie verdeelt verenigingstaken.,,,,TE_BOUWEN_OF_VERIFIEREN
P12.F22,teams,Feedback en instructie verbeteren,"P16,P23,P18,P03",R16,"A12,A13,A14,A27,A30,T01,T02,T03,T04,T05,T06,T07,T08,T09,T10,T11,T12,T13,T14,T15,T16,T17,T18,C01,C02,C03,C04,C05,C06,C07,C08,C09,C11,O06,O10,V12",,,,Eigen teamhuishouden ziet eigen benodigde voortgang; teamouder beheert eigen team; commissie verdeelt verenigingstaken.,,,,TE_BOUWEN_OF_VERIFIEREN
P13.F01,acties,Volgende stappen berekenen,"P12,P03,P16,P04","R06,R14,R18","A24,A27,A29,T04,C02,C05,C06,C08,V13",,,,"Eigen acties en toegestane taak-, team- en commissieverantwoordelijkheden.",,,,TE_BOUWEN_OF_VERIFIEREN
P13.F02,acties,Acties ordenen en ontdubbelen,"P14,P12,P11",,"A24,A27,A29,T04,C02,C05,C06,C08,V13",,,,"Eigen acties en toegestane taak-, team- en commissieverantwoordelijkheden.",,,,TE_BOUWEN_OF_VERIFIEREN
P13.F03,acties,Direct uitvoerder kiezen,"P12,P04,P03",,"A24,A27,A29,T04,C02,C05,C06,C08,V13",,,,"Eigen acties en toegestane taak-, team- en commissieverantwoordelijkheden.",,,,TE_BOUWEN_OF_VERIFIEREN
P13.F04,acties,Direct vervanging verdelen,"P12,P03,P14",,"A24,A27,A29,T04,C02,C05,C06,C08,V13",,,,"Eigen acties en toegestane taak-, team- en commissieverantwoordelijkheden.",,,,TE_BOUWEN_OF_VERIFIEREN
P13.F05,acties,Uitvoering controleren,"P03,P12,P09,P20",,"A24,A27,A29,T04,C02,C05,C06,C08,V13",,,,"Eigen acties en toegestane taak-, team- en commissieverantwoordelijkheden.",,,,TE_BOUWEN_OF_VERIFIEREN
P13.F06,acties,Teamstap openen,"P12,P14",R17,"A24,A27,A29,T04,C02,C05,C06,C08,V13",,,,"Eigen acties en toegestane taak-, team- en commissieverantwoordelijkheden.",,,,TE_BOUWEN_OF_VERIFIEREN
P13.F07,acties,Persoonlijke kaarten,"P11,P10,P19",R12,"A24,A27,A29,T04,C02,C05,C06,C08,V13",,,,"Eigen acties en toegestane taak-, team- en commissieverantwoordelijkheden.",,,,TE_BOUWEN_OF_VERIFIEREN
P14.F01,berichten,Gesprekskanaal kiezen,"P10,P12,P22",,"A20,A21,A25,C06,C07,C08,O04,O05,O06,V14",,,,Gesprekken alleen voor deelnemers met bronrecht; inbox en voorkeuren per persoon/account.,,,,TE_BOUWEN_OF_VERIFIEREN
P14.F02,berichten,Bericht plaatsen,"P10,P12,P13",,"A20,A21,A25,C06,C07,C08,O04,O05,O06,V14",,,,Gesprekken alleen voor deelnemers met bronrecht; inbox en voorkeuren per persoon/account.,,,,TE_BOUWEN_OF_VERIFIEREN
P14.F03,berichten,Gerichte mention,"P11,P13",,"A20,A21,A25,C06,C07,C08,O04,O05,O06,V14",,,,Gesprekken alleen voor deelnemers met bronrecht; inbox en voorkeuren per persoon/account.,,,,TE_BOUWEN_OF_VERIFIEREN
P14.F04,berichten,Persoonlijke inbox,"P03,P12,P15,P16","R06,R12,R17","A20,A21,A25,C06,C07,C08,O04,O05,O06,V14",,,,Gesprekken alleen voor deelnemers met bronrecht; inbox en voorkeuren per persoon/account.,,,,TE_BOUWEN_OF_VERIFIEREN
P14.F05,berichten,Openen en gelezen markeren,"P00,P13,P12",,"A20,A21,A25,C06,C07,C08,O04,O05,O06,V14",,,,Gesprekken alleen voor deelnemers met bronrecht; inbox en voorkeuren per persoon/account.,,,,TE_BOUWEN_OF_VERIFIEREN
P14.F06,berichten,Persoonlijke meldingsvoorkeuren,"P21,P22,P02",R15,"A20,A21,A25,C06,C07,C08,O04,O05,O06,V14",,,,Gesprekken alleen voor deelnemers met bronrecht; inbox en voorkeuren per persoon/account.,,,,TE_BOUWEN_OF_VERIFIEREN
P14.F07,berichten,Echte verzending en logstatus,"P21,P22,P13","R13,R15","A20,A21,A25,C06,C07,C08,O04,O05,O06,V14",,,,Gesprekken alleen voor deelnemers met bronrecht; inbox en voorkeuren per persoon/account.,,,,TE_BOUWEN_OF_VERIFIEREN
P15.F01,beleid,Actueel beleid aanbieden,"P09,P13,P22","R14,R21","A22,A23,C05,V15",,,,Eigen geselecteerde leden; publiceren/beoordelen volgens expliciet beleidmandaat.,,,,TE_BOUWEN_OF_VERIFIEREN
P15.F02,beleid,Lezen en downloaden,"P14,P03",R14,"A22,A23,C05,V15",,,,Eigen geselecteerde leden; publiceren/beoordelen volgens expliciet beleidmandaat.,,,,TE_BOUWEN_OF_VERIFIEREN
P15.F03,beleid,Eigen actief akkoord,"P23,P22,P09",R14,"A22,A23,C05,V15",,,,Eigen geselecteerde leden; publiceren/beoordelen volgens expliciet beleidmandaat.,,,,TE_BOUWEN_OF_VERIFIEREN
P15.F04,beleid,Kinderen vertegenwoordigen,"P09,P23",R14,"A22,A23,C05,V15",,,,Eigen geselecteerde leden; publiceren/beoordelen volgens expliciet beleidmandaat.,,,,TE_BOUWEN_OF_VERIFIEREN
P15.F05,beleid,Vraag stellen,"P13,P14,P09",R14,"A22,A23,C05,V15",,,,Eigen geselecteerde leden; publiceren/beoordelen volgens expliciet beleidmandaat.,,,,TE_BOUWEN_OF_VERIFIEREN
P15.F06,beleid,Nieuwe versie publiceren,"P21,P22,P13",R14,"A22,A23,C05,V15",,,,Eigen geselecteerde leden; publiceren/beoordelen volgens expliciet beleidmandaat.,,,,TE_BOUWEN_OF_VERIFIEREN
P15.F07,beleid,Herinnering sturen,"P14,P21",R14,"A22,A23,C05,V15",,,,Eigen geselecteerde leden; publiceren/beoordelen volgens expliciet beleidmandaat.,,,,TE_BOUWEN_OF_VERIFIEREN
P15.F08,beleid,Versiehistorie raadplegen,"P09,P22",,"A22,A23,C05,V15",,,,Eigen geselecteerde leden; publiceren/beoordelen volgens expliciet beleidmandaat.,,,,TE_BOUWEN_OF_VERIFIEREN
P16.F01,waardering,Momenten van aandacht,"P17,P18,P22",,"A28,C10,C11,V16",,,,Publieke momenten volgens toestemming; private lief-en-leed en feedback alleen voor bevoegde verantwoordelijke.,,,,TE_BOUWEN_OF_VERIFIEREN
P16.F02,waardering,Nieuw waarderingsmoment,"P11,P20,P21",R19,"A28,C10,C11,V16",,,,Publieke momenten volgens toestemming; private lief-en-leed en feedback alleen voor bevoegde verantwoordelijke.,,,,TE_BOUWEN_OF_VERIFIEREN
P16.F03,waardering,Waarderingsactie afronden,"P20,P13,P11",R19,"A28,C10,C11,V16",,,,Publieke momenten volgens toestemming; private lief-en-leed en feedback alleen voor bevoegde verantwoordelijke.,,,,TE_BOUWEN_OF_VERIFIEREN
P16.F04,waardering,Conceptbericht maken,"P21,P14",R19,"A28,C10,C11,V16",,,,Publieke momenten volgens toestemming; private lief-en-leed en feedback alleen voor bevoegde verantwoordelijke.,,,,TE_BOUWEN_OF_VERIFIEREN
P16.F05,waardering,Persoonlijke terugblik,"P03,P04,P12",R16,"A28,C10,C11,V16",,,,Publieke momenten volgens toestemming; private lief-en-leed en feedback alleen voor bevoegde verantwoordelijke.,,,,TE_BOUWEN_OF_VERIFIEREN
P16.F06,waardering,Voorkeur zelf onthouden,"P23,P02,P12",R16,"A28,C10,C11,V16",,,,Publieke momenten volgens toestemming; private lief-en-leed en feedback alleen voor bevoegde verantwoordelijke.,,,,TE_BOUWEN_OF_VERIFIEREN
P16.F07,waardering,Feedback-inbox beheren,"P12,P10,P13",R16,"A28,C10,C11,V16",,,,Publieke momenten volgens toestemming; private lief-en-leed en feedback alleen voor bevoegde verantwoordelijke.,,,,TE_BOUWEN_OF_VERIFIEREN
P16.F08,waardering,Instructie en vervolgaanbod,"P02,P12,P18,P23",R16,"A28,C10,C11,V16",,,,Publieke momenten volgens toestemming; private lief-en-leed en feedback alleen voor bevoegde verantwoordelijke.,,,,TE_BOUWEN_OF_VERIFIEREN
P17.F01,opleidingen,Opleidingsaanbod,"P06,P16,P23",,"A27,C01,V17",,,,Eigen deelname en certificaten; beheer en verificatie met opleidings-/kwalificatiemandaat.,,,,TE_BOUWEN_OF_VERIFIEREN
P17.F02,opleidingen,Inschrijven en afmelden,"P14,P06",R18,"A27,C01,V17",,,,Eigen deelname en certificaten; beheer en verificatie met opleidings-/kwalificatiemandaat.,,,,TE_BOUWEN_OF_VERIFIEREN
P17.F03,opleidingen,Geverifieerd certificaat vastleggen,"P02,P12,P22","R04,R18","A27,C01,V17",,,,Eigen deelname en certificaten; beheer en verificatie met opleidings-/kwalificatiemandaat.,,,,TE_BOUWEN_OF_VERIFIEREN
P17.F04,opleidingen,Buddy en reservebereidheid,"P23,P02,P12",,"A27,C01,V17",,,,Eigen deelname en certificaten; beheer en verificatie met opleidings-/kwalificatiemandaat.,,,,TE_BOUWEN_OF_VERIFIEREN
P17.F05,opleidingen,Verval en toekomstige afspraken,"P13,P03,P12,P14",R18,"A27,C01,V17",,,,Eigen deelname en certificaten; beheer en verificatie met opleidings-/kwalificatiemandaat.,,,,TE_BOUWEN_OF_VERIFIEREN
P18.F01,vacatures,Vaste functies verkennen,"P09,P22,P23",R16,"A27,V18",,,,Eigen interesse; kandidaten en erkenning alleen binnen wervings-/commissiemandaat.,,,,TE_BOUWEN_OF_VERIFIEREN
P18.F02,vacatures,Functie openen,"P10,P23",,"A27,V18",,,,Eigen interesse; kandidaten en erkenning alleen binnen wervings-/commissiemandaat.,,,,TE_BOUWEN_OF_VERIFIEREN
P18.F03,vacatures,Interesse aangeven,"P13,P14,P16",R10,"A27,V18",,,,Eigen interesse; kandidaten en erkenning alleen binnen wervings-/commissiemandaat.,,,,TE_BOUWEN_OF_VERIFIEREN
P18.F04,vacatures,Kennismaking opvolgen,"P10,P13",R10,"A27,V18",,,,Eigen interesse; kandidaten en erkenning alleen binnen wervings-/commissiemandaat.,,,,TE_BOUWEN_OF_VERIFIEREN
P18.F05,vacatures,Erkende aanstelling verbinden,"P09,P22,P20",,"A27,V18",,,,Eigen interesse; kandidaten en erkenning alleen binnen wervings-/commissiemandaat.,,,,TE_BOUWEN_OF_VERIFIEREN
P19.F01,rapportages,Huishouduren en resterende inzet,"P09,P04,P12,P20","R01,R08,R21","A01,A02,A03,A26,A30,T03,T07,T08,T16,F01,F03,O10,V19",,,,Verenigingsrapporten door commissie/bestuur binnen scope; financiële exports apart recht.,,,,TE_BOUWEN_OF_VERIFIEREN
P19.F02,rapportages,Commissiebezetting,"P08,P02,P12",,"A01,A02,A03,A26,A30,T03,T07,T08,T16,F01,F03,O10,V19",,,,Verenigingsrapporten door commissie/bestuur binnen scope; financiële exports apart recht.,,,,TE_BOUWEN_OF_VERIFIEREN
P19.F03,rapportages,Winteroverzicht,"P09,P03,P20",R09,"A01,A02,A03,A26,A30,T03,T07,T08,T16,F01,F03,O10,V19",,,,Verenigingsrapporten door commissie/bestuur binnen scope; financiële exports apart recht.,,,,TE_BOUWEN_OF_VERIFIEREN
P19.F04,rapportages,Passend aanbod beoordelen,"P23,P17,P02,P20",R20,"A01,A02,A03,A26,A30,T03,T07,T08,T16,F01,F03,O10,V19",,,,Verenigingsrapporten door commissie/bestuur binnen scope; financiële exports apart recht.,,,,TE_BOUWEN_OF_VERIFIEREN
P19.F05,rapportages,Overbelasting signaleren,"P12,P23,P16",,"A01,A02,A03,A26,A30,T03,T07,T08,T16,F01,F03,O10,V19",,,,Verenigingsrapporten door commissie/bestuur binnen scope; financiële exports apart recht.,,,,TE_BOUWEN_OF_VERIFIEREN
P19.F06,rapportages,CSV-export en bronstatus,"P09,P20,P22",,"A01,A02,A03,A26,A30,T03,T07,T08,T16,F01,F03,O10,V19",,,,Verenigingsrapporten door commissie/bestuur binnen scope; financiële exports apart recht.,,,,TE_BOUWEN_OF_VERIFIEREN
P20.F01,financien,Potstand en beschikbaar budget,"P16,P19,P09","R19,R20","A26,T17,T18,F01,F02,F03,V20",,,,"Financieel beheer met expliciet mandaat; commissie besluit de grondslag, geen vrije wijziging door cliënt.",,,,TE_BOUWEN_OF_VERIFIEREN
P20.F02,financien,Budgetpost toevoegen,"P16,P11,P22",R19,"A26,T17,T18,F01,F02,F03,V20",,,,"Financieel beheer met expliciet mandaat; commissie besluit de grondslag, geen vrije wijziging door cliënt.",,,,TE_BOUWEN_OF_VERIFIEREN
P20.F03,financien,Afrekenvoorstel berekenen,"P09,P19,P03,P22","R01,R09,R10,R20","A26,T17,T18,F01,F02,F03,V20",,,,"Financieel beheer met expliciet mandaat; commissie besluit de grondslag, geen vrije wijziging door cliënt.",,,,TE_BOUWEN_OF_VERIFIEREN
P20.F04,financien,Blokkades en onderbouwing,"P09,P13,P19","R08,R20","A26,T17,T18,F01,F02,F03,V20",,,,"Financieel beheer met expliciet mandaat; commissie besluit de grondslag, geen vrije wijziging door cliënt.",,,,TE_BOUWEN_OF_VERIFIEREN
P20.F05,financien,Goedkeuren en definitief verwerken,"P09,P13,P22","R08,R20","A26,T17,T18,F01,F02,F03,V20",,,,"Financieel beheer met expliciet mandaat; commissie besluit de grondslag, geen vrije wijziging door cliënt.",,,,TE_BOUWEN_OF_VERIFIEREN
P20.F06,financien,Afkoop onderscheiden,"P09,P19",,"A26,T17,T18,F01,F02,F03,V20",,,,"Financieel beheer met expliciet mandaat; commissie besluit de grondslag, geen vrije wijziging door cliënt.",,,,TE_BOUWEN_OF_VERIFIEREN
P20.F07,financien,Betaalstatus registreren,"P14,P19,P22",R20,"A26,T17,T18,F01,F02,F03,V20",,,,"Financieel beheer met expliciet mandaat; commissie besluit de grondslag, geen vrije wijziging door cliënt.",,,,TE_BOUWEN_OF_VERIFIEREN
P20.F08,financien,Onbetaalde en betaalde correcties,"P09,P03,P22",R20,"A26,T17,T18,F01,F02,F03,V20",,,,"Financieel beheer met expliciet mandaat; commissie besluit de grondslag, geen vrije wijziging door cliënt.",,,,TE_BOUWEN_OF_VERIFIEREN
P20.F09,financien,Financiële export,"P19,P09,P21",,"A26,T17,T18,F01,F02,F03,V20",,,,"Financieel beheer met expliciet mandaat; commissie besluit de grondslag, geen vrije wijziging door cliënt.",,,,TE_BOUWEN_OF_VERIFIEREN
P21.F01,templates,Template kiezen en versie lezen,"P14,P15,P16",R15,"A20,A21,O05,V21",,,,Templatebeheer volgens centrale/commissierechten; voorkeuren en ontvangers volgens bron-ACL.,,,,TE_BOUWEN_OF_VERIFIEREN
P21.F02,templates,Template bewerken,"P22,P14",,"A20,A21,O05,V21",,,,Templatebeheer volgens centrale/commissierechten; voorkeuren en ontvangers volgens bron-ACL.,,,,TE_BOUWEN_OF_VERIFIEREN
P21.F03,templates,Variabelen invoegen,"P02,P03,P14",,"A20,A21,O05,V21",,,,Templatebeheer volgens centrale/commissierechten; voorkeuren en ontvangers volgens bron-ACL.,,,,TE_BOUWEN_OF_VERIFIEREN
P21.F04,templates,Persoonlijke preview,"P23,P09",,"A20,A21,O05,V21",,,,Templatebeheer volgens centrale/commissierechten; voorkeuren en ontvangers volgens bron-ACL.,,,,TE_BOUWEN_OF_VERIFIEREN
P21.F05,templates,Test versturen,"P14,P22",,"A20,A21,O05,V21",,,,Templatebeheer volgens centrale/commissierechten; voorkeuren en ontvangers volgens bron-ACL.,,,,TE_BOUWEN_OF_VERIFIEREN
P21.F06,templates,Goedkeuren en publiceren,"P15,P14,P22","R15,R19","A20,A21,O05,V21",,,,Templatebeheer volgens centrale/commissierechten; voorkeuren en ontvangers volgens bron-ACL.,,,,TE_BOUWEN_OF_VERIFIEREN
P21.F07,templates,Dupliceren en nieuw template,"P10,P16,P15",,"A20,A21,O05,V21",,,,Templatebeheer volgens centrale/commissierechten; voorkeuren en ontvangers volgens bron-ACL.,,,,TE_BOUWEN_OF_VERIFIEREN
P21.F08,templates,Automatische regels,"P14,P02,P03,P22",R15,"A20,A21,O05,V21",,,,Templatebeheer volgens centrale/commissierechten; voorkeuren en ontvangers volgens bron-ACL.,,,,TE_BOUWEN_OF_VERIFIEREN
P21.F09,templates,Segment samenstellen,"P23,P18,P16",,"A20,A21,O05,V21",,,,Templatebeheer volgens centrale/commissierechten; voorkeuren en ontvangers volgens bron-ACL.,,,,TE_BOUWEN_OF_VERIFIEREN
P21.F10,templates,Campagneconcept maken,"P14,P22",,"A20,A21,O05,V21",,,,Templatebeheer volgens centrale/commissierechten; voorkeuren en ontvangers volgens bron-ACL.,,,,TE_BOUWEN_OF_VERIFIEREN
P21.F11,templates,Verzendlog,"P14,P13,P22",R15,"A20,A21,O05,V21",,,,Templatebeheer volgens centrale/commissierechten; voorkeuren en ontvangers volgens bron-ACL.,,,,TE_BOUWEN_OF_VERIFIEREN
P22.F01,instellingen,Standaard verdelingswijze,"P08,P12,P02",,"A06,A11,A19,A30,T06,T11,T14,C09,H01,H06,O05,O08,O09,O10,V22",,,,"Beheer volgens afzonderlijke configuratie-, rechten- en integratiemandaten; financiële regels met besluit.",,,,TE_BOUWEN_OF_VERIFIEREN
P22.F02,instellingen,Vereniging en seizoen,"P00,P09,P19",,"A06,A11,A19,A30,T06,T11,T14,C09,H01,H06,O05,O08,O09,O10,V22",,,,"Beheer volgens afzonderlijke configuratie-, rechten- en integratiemandaten; financiële regels met besluit.",,,,TE_BOUWEN_OF_VERIFIEREN
P22.F03,instellingen,Uren en financiële basis,"P09,P19,P20",,"A06,A11,A19,A30,T06,T11,T14,C09,H01,H06,O05,O08,O09,O10,V22",,,,"Beheer volgens afzonderlijke configuratie-, rechten- en integratiemandaten; financiële regels met besluit.",,,,TE_BOUWEN_OF_VERIFIEREN
P22.F04,instellingen,Termijnen en reminders,"P03,P14,P21",,"A06,A11,A19,A30,T06,T11,T14,C09,H01,H06,O05,O08,O09,O10,V22",,,,"Beheer volgens afzonderlijke configuratie-, rechten- en integratiemandaten; financiële regels met besluit.",,,,TE_BOUWEN_OF_VERIFIEREN
P22.F05,instellingen,Vrijwilligersrolcatalogus,"P09,P18,P20",R10,"A06,A11,A19,A30,T06,T11,T14,C09,H01,H06,O05,O08,O09,O10,V22",,,,"Beheer volgens afzonderlijke configuratie-, rechten- en integratiemandaten; financiële regels met besluit.",,,,TE_BOUWEN_OF_VERIFIEREN
P22.F06,instellingen,Actieve rollen en einde,"P09,P13,P18",R10,"A06,A11,A19,A30,T06,T11,T14,C09,H01,H06,O05,O08,O09,O10,V22",,,,"Beheer volgens afzonderlijke configuratie-, rechten- en integratiemandaten; financiële regels met besluit.",,,,TE_BOUWEN_OF_VERIFIEREN
P22.F07,instellingen,Sportlinkmomenten en status,"P07,P13,P14",R13,"A06,A11,A19,A30,T06,T11,T14,C09,H01,H06,O05,O08,O09,O10,V22",,,,"Beheer volgens afzonderlijke configuratie-, rechten- en integratiemandaten; financiële regels met besluit.",,,,TE_BOUWEN_OF_VERIFIEREN
P22.F08,instellingen,Gecontroleerde CSV-import,"P09,P23,P07",,"A06,A11,A19,A30,T06,T11,T14,C09,H01,H06,O05,O08,O09,O10,V22",,,,"Beheer volgens afzonderlijke configuratie-, rechten- en integratiemandaten; financiële regels met besluit.",,,,TE_BOUWEN_OF_VERIFIEREN
P22.F09,instellingen,Toegang en verificatie,"P00,P09,P23",R11,"A06,A11,A19,A30,T06,T11,T14,C09,H01,H06,O05,O08,O09,O10,V22",,,,"Beheer volgens afzonderlijke configuratie-, rechten- en integratiemandaten; financiële regels met besluit.",,,,TE_BOUWEN_OF_VERIFIEREN
P22.F10,instellingen,PWA installeren,"P00,P14",,"A06,A11,A19,A30,T06,T11,T14,C09,H01,H06,O05,O08,O09,O10,V22",,,,"Beheer volgens afzonderlijke configuratie-, rechten- en integratiemandaten; financiële regels met besluit.",,,,TE_BOUWEN_OF_VERIFIEREN
P22.F11,instellingen,Demogegevens herstellen,"P00,P08",R22,"A06,A11,A19,A30,T06,T11,T14,C09,H01,H06,O05,O08,O09,O10,V22",,,,"Beheer volgens afzonderlijke configuratie-, rechten- en integratiemandaten; financiële regels met besluit.",,,,TE_BOUWEN_OF_VERIFIEREN
P22.F12,instellingen,Seizoensovergang voorbereiden,"P09,P12,P15,P19,P20,P23",R21,"A06,A11,A19,A30,T06,T11,T14,C09,H01,H06,O05,O08,O09,O10,V22",,,,"Beheer volgens afzonderlijke configuratie-, rechten- en integratiemandaten; financiële regels met besluit.",,,,TE_BOUWEN_OF_VERIFIEREN
P22.F13,instellingen,Seizoensstanden raadplegen,"P09,P19,P20",R21,"A06,A11,A19,A30,T06,T11,T14,C09,H01,H06,O05,O08,O09,O10,V22",,,,"Beheer volgens afzonderlijke configuratie-, rechten- en integratiemandaten; financiële regels met besluit.",,,,TE_BOUWEN_OF_VERIFIEREN
P22.F14,instellingen,Wijzigingslog,"P09,P11,P20,P21",R17,"A06,A11,A19,A30,T06,T11,T14,C09,H01,H06,O05,O08,O09,O10,V22",,,,"Beheer volgens afzonderlijke configuratie-, rechten- en integratiemandaten; financiële regels met besluit.",,,,TE_BOUWEN_OF_VERIFIEREN
P23.F01,intake,Persoon en dossiercontext kiezen,"P09,P00,P15","R11,R22","A07,A09,A10,A29,T17,C01,C07,C10,H03,O07,V23",,,,Eigen intake; vertegenwoordiging uitsluitend met concrete machtiging; gescheiden ouders houden onafhankelijke privacy.,,,,TE_BOUWEN_OF_VERIFIEREN
P23.F02,intake,Ervaring en begeleiding,"P17,P02,P13",,"A07,A09,A10,A29,T17,C01,C07,C10,H03,O07,V23",,,,Eigen intake; vertegenwoordiging uitsluitend met concrete machtiging; gescheiden ouders houden onafhankelijke privacy.,,,,TE_BOUWEN_OF_VERIFIEREN
P23.F03,intake,Talenten en voorkeuren,"P02,P12,P18,P21",R10,"A07,A09,A10,A29,T17,C01,C07,C10,H03,O07,V23",,,,Eigen intake; vertegenwoordiging uitsluitend met concrete machtiging; gescheiden ouders houden onafhankelijke privacy.,,,,TE_BOUWEN_OF_VERIFIEREN
P23.F04,intake,Beschikbaarheid en grenzen,"P12,P17,P19,P14",R04,"A07,A09,A10,A29,T17,C01,C07,C10,H03,O07,V23",,,,Eigen intake; vertegenwoordiging uitsluitend met concrete machtiging; gescheiden ouders houden onafhankelijke privacy.,,,,TE_BOUWEN_OF_VERIFIEREN
P23.F05,intake,Controleren en opslaan,"P09,P02,P22",R11,"A07,A09,A10,A29,T17,C01,C07,C10,H03,O07,V23",,,,Eigen intake; vertegenwoordiging uitsluitend met concrete machtiging; gescheiden ouders houden onafhankelijke privacy.,,,,TE_BOUWEN_OF_VERIFIEREN
P23.F06,intake,Jaarlijks herbevestigen en profiel openen,"P22,P09,P04",R21,"A07,A09,A10,A29,T17,C01,C07,C10,H03,O07,V23",,,,Eigen intake; vertegenwoordiging uitsluitend met concrete machtiging; gescheiden ouders houden onafhankelijke privacy.,,,,TE_BOUWEN_OF_VERIFIEREN
