function_id,page_id,title,route,route_present,read_models,commands,components,mandate,relationships,related_pages,page_acceptance_ids,limitation,status,functional_evidence,visual_evidence,staging_evidence
"P00.F01","P00","Vereniging en seizoen","/c/[club] (layout)","true","api.my_workspaces; api.my_active_seasons","","components/app/secure-shell.tsx","Alle geauthenticeerde gebruikers; zichtbare werkruimtes volgen de echte mandaten.","","P01; P22","A08; A09; A11; A25; T10; H01; H02; H03; H04; H05; H06; O01; O02; O03; O04; O07; V00","Staging- en volledige functieacceptatie ontbreken.","IMPLEMENTED_PARTIAL_NOT_ACCEPTED","docs/release/evidence/local/20261006-w01/verification.md (deelbewijs; geen functieacceptatie)","docs/release/evidence/local/20261006-w01/visual-comparison.md (deelbewijs)",""
"P00.F02","P00","Menu en rolwerkruimte","/c/[club] (layout)","true","api.my_workspaces","","components/app/workspace-navigation.tsx","Alle geauthenticeerde gebruikers; zichtbare werkruimtes volgen de echte mandaten.","","P09; P10; P12; P20; P22","A08; A09; A11; A25; T10; H01; H02; H03; H04; H05; H06; O01; O02; O03; O04; O07; V00","Verleende scopes bepalen de werkruimte; overige paginaroutes nog te bouwen.","IMPLEMENTED_PARTIAL_NOT_ACCEPTED","docs/release/evidence/local/20261006-w01/verification.md (deelbewijs; geen functieacceptatie)","docs/release/evidence/local/20261006-w01/visual-comparison.md (deelbewijs)",""
"P00.F03","P00","Zoeken en snel openen","/c/[club] (layout)","true","","","components/app/workspace-navigation.tsx","Alle geauthenticeerde gebruikers; zichtbare werkruimtes volgen de echte mandaten.","","P02; P08; P12; P14","A08; A09; A11; A25; T10; H01; H02; H03; H04; H05; H06; O01; O02; O03; O04; O07; V00","Alleen aangesloten paginaroutes; taakzoekprojectie ontbreekt.","IMPLEMENTED_PARTIAL_NOT_ACCEPTED","docs/release/evidence/local/20261006-w01/verification.md (deelbewijs; geen functieacceptatie)","docs/release/evidence/local/20261006-w01/visual-comparison.md (deelbewijs)",""
"P00.F04","P00","Ongelezen meldingen","/c/[club] (layout)","true","","","","Alle geauthenticeerde gebruikers; zichtbare werkruimtes volgen de echte mandaten.","","P14; P13","A08; A09; A11; A25; T10; H01; H02; H03; H04; H05; H06; O01; O02; O03; O04; O07; V00","Geen actuele UI→command/read-model-keten vastgesteld.","TO_BUILD_OR_VERIFY","","",""
"P00.F05","P00","Mijn profiel","/c/[club] (layout)","true","api.my_intake","","app/c/[club]/intake/page.tsx","Alle geauthenticeerde gebruikers; zichtbare werkruimtes volgen de echte mandaten.","","P23; P09","A08; A09; A11; A25; T10; H01; H02; H03; H04; H05; H06; O01; O02; O03; O04; O07; V00","Staging- en volledige functieacceptatie ontbreken.","IMPLEMENTED_PARTIAL_NOT_ACCEPTED","docs/release/evidence/local/20261006-w01/verification.md (deelbewijs; geen functieacceptatie)","docs/release/evidence/local/20261006-w01/visual-comparison.md (deelbewijs)",""
"P00.F06","P00","Uitlegbanners tonen","/c/[club] (layout)","true","api.my_help_seen","","components/app/help-provider.tsx","Alle geauthenticeerde gebruikers; zichtbare werkruimtes volgen de echte mandaten.","R22","P01; P22","A08; A09; A11; A25; T10; H01; H02; H03; H04; H05; H06; O01; O02; O03; O04; O07; V00","Aangesloten op overzicht, markt, intake en dossier; overige tabs/dialogen nog open.","IMPLEMENTED_PARTIAL_NOT_ACCEPTED","docs/release/evidence/local/20261006-w01/verification.md (deelbewijs; geen functieacceptatie)","docs/release/evidence/local/20261006-w01/visual-comparison.md (deelbewijs)",""
"P00.F07","P00","Uitlegbanner afsluiten","/c/[club] (layout)","true","api.my_help_seen","api.mark_help_seen","app/help/actions.ts; components/app/help-provider.tsx","Alle geauthenticeerde gebruikers; zichtbare werkruimtes volgen de echte mandaten.","R22","P23; P22","A08; A09; A11; A25; T10; H01; H02; H03; H04; H05; H06; O01; O02; O03; O04; O07; V00","Staging- en volledige functieacceptatie ontbreken.","IMPLEMENTED_PARTIAL_NOT_ACCEPTED","docs/release/evidence/local/20261006-w01/verification.md (deelbewijs; geen functieacceptatie)","docs/release/evidence/local/20261006-w01/visual-comparison.md (deelbewijs)",""
"P00.F08","P00","Zichtbaarheid zonder flits","/c/[club] (layout)","true","api.my_help_seen","api.mark_help_seen","app/c/[club]/layout.tsx; components/app/help-provider.tsx","Alle geauthenticeerde gebruikers; zichtbare werkruimtes volgen de echte mandaten.","R22","P14; P22","A08; A09; A11; A25; T10; H01; H02; H03; H04; H05; H06; O01; O02; O03; O04; O07; V00","Staging- en volledige functieacceptatie ontbreken.","IMPLEMENTED_PARTIAL_NOT_ACCEPTED","docs/release/evidence/local/20261006-w01/verification.md (deelbewijs; geen functieacceptatie)","docs/release/evidence/local/20261006-w01/visual-comparison.md (deelbewijs)",""
"P00.F09","P00","Responsief menu","/c/[club] (layout)","true","","","components/ui/sidebar.tsx; components/app/workspace-navigation.tsx","Alle geauthenticeerde gebruikers; zichtbare werkruimtes volgen de echte mandaten.","","P08; P12","A08; A09; A11; A25; T10; H01; H02; H03; H04; H05; H06; O01; O02; O03; O04; O07; V00","Staging- en volledige functieacceptatie ontbreken.","IMPLEMENTED_PARTIAL_NOT_ACCEPTED","docs/release/evidence/local/20261006-w01/verification.md (deelbewijs; geen functieacceptatie)","docs/release/evidence/local/20261006-w01/visual-comparison.md (deelbewijs)",""
"P00.F10","P00","Mobiele demopreview","/c/[club] (layout)","true","","","","Alle geauthenticeerde gebruikers; zichtbare werkruimtes volgen de echte mandaten.","","P22","A08; A09; A11; A25; T10; H01; H02; H03; H04; H05; H06; O01; O02; O03; O04; O07; V00","Geen actuele UI→command/read-model-keten vastgesteld.","TO_BUILD_OR_VERIFY","","",""
"P00.F11","P00","Hulp en prototype-informatie","/c/[club] (layout)","true","","","","Alle geauthenticeerde gebruikers; zichtbare werkruimtes volgen de echte mandaten.","","P14; P22","A08; A09; A11; A25; T10; H01; H02; H03; H04; H05; H06; O01; O02; O03; O04; O07; V00","Geen actuele UI→command/read-model-keten vastgesteld.","TO_BUILD_OR_VERIFY","","",""
"P00.F12","P00","Formulieren en feedback","/c/[club] (layout)","true","","","","Alle geauthenticeerde gebruikers; zichtbare werkruimtes volgen de echte mandaten.","","P02; P08; P12; P20","A08; A09; A11; A25; T10; H01; H02; H03; H04; H05; H06; O01; O02; O03; O04; O07; V00","Geen actuele UI→command/read-model-keten vastgesteld.","TO_BUILD_OR_VERIFY","","",""
"P00.F13","P00","Herstelbare navigatie","/c/[club] (layout)","true","","","components/app/workspace-navigation.tsx","Alle geauthenticeerde gebruikers; zichtbare werkruimtes volgen de echte mandaten.","","P13; P14; P12","A08; A09; A11; A25; T10; H01; H02; H03; H04; H05; H06; O01; O02; O03; O04; O07; V00","URL-navigatie voor aangesloten routes; overige contextlinks nog open.","IMPLEMENTED_PARTIAL_NOT_ACCEPTED","docs/release/evidence/local/20261006-w01/verification.md (deelbewijs; geen functieacceptatie)","docs/release/evidence/local/20261006-w01/visual-comparison.md (deelbewijs)",""
"P00.F14","P00","Uitloggen en sessie","/c/[club] (layout)","true","","Supabase Auth.signOut","app/auth/actions.ts","Alle geauthenticeerde gebruikers; zichtbare werkruimtes volgen de echte mandaten.","","P22; P23","A08; A09; A11; A25; T10; H01; H02; H03; H04; H05; H06; O01; O02; O03; O04; O07; V00","Staging- en volledige functieacceptatie ontbreken.","IMPLEMENTED_PARTIAL_NOT_ACCEPTED","docs/release/evidence/local/20261006-w01/verification.md (deelbewijs; geen functieacceptatie)","docs/release/evidence/local/20261006-w01/visual-comparison.md (deelbewijs)",""
"P00.F15","P00","Demodata en echte gegevens","/c/[club] (layout)","true","","","","Alle geauthenticeerde gebruikers; zichtbare werkruimtes volgen de echte mandaten.","","P09; P20; P22","A08; A09; A11; A25; T10; H01; H02; H03; H04; H05; H06; O01; O02; O03; O04; O07; V00","Geen actuele UI→command/read-model-keten vastgesteld.","TO_BUILD_OR_VERIFY","","",""
"P00.F16","P00","Installatie en offline","/c/[club] (layout)","true","","","","Alle geauthenticeerde gebruikers; zichtbare werkruimtes volgen de echte mandaten.","","P02; P20; P22","A08; A09; A11; A25; T10; H01; H02; H03; H04; H05; H06; O01; O02; O03; O04; O07; V00","Geen actuele UI→command/read-model-keten vastgesteld.","TO_BUILD_OR_VERIFY","","",""
"P01.F01","P01","Persoonlijke voortgang","/c/[club]/overzicht","true","api.my_households; api.my_active_seasons; api.my_household_season_progress","","app/c/[club]/overzicht/page.tsx","Persoonlijk voor lid/huishouden; beheeroverzicht binnen toegewezen scope.","","P03; P04; P09; P19; P20","A01; A02; A30; V01","Eigen dossier/seizoen en canonieke coverage/winterstand aangesloten; volledige bestuursaggregaten en teamprojecties nog open.","IMPLEMENTED_PARTIAL_NOT_ACCEPTED","docs/release/evidence/local/20261006-w01/verification.md (deelbewijs; geen functieacceptatie)","docs/release/evidence/local/20261006-w01/visual-comparison.md (deelbewijs)",""
"P01.F02","P01","Verenigingstotalen","/c/[club]/overzicht","true","","","","Persoonlijk voor lid/huishouden; beheeroverzicht binnen toegewezen scope.","","P08; P09; P12; P19","A01; A02; A30; V01","Geen actuele UI→command/read-model-keten vastgesteld.","TO_BUILD_OR_VERIFY","","",""
"P01.F03","P01","Dit vraagt je aandacht","/c/[club]/overzicht","true","","","","Persoonlijk voor lid/huishouden; beheeroverzicht binnen toegewezen scope.","","P13; P12; P03; P16","A01; A02; A30; V01","Geen actuele UI→command/read-model-keten vastgesteld.","TO_BUILD_OR_VERIFY","","",""
"P01.F04","P01","Passende taken ontdekken","/c/[club]/overzicht","true","","","","Persoonlijk voor lid/huishouden; beheeroverzicht binnen toegewezen scope.","","P02; P23; P17","A01; A02; A30; V01","Geen actuele UI→command/read-model-keten vastgesteld.","TO_BUILD_OR_VERIFY","","",""
"P01.F05","P01","Komende activiteiten en wedstrijden","/c/[club]/overzicht","true","","","","Persoonlijk voor lid/huishouden; beheeroverzicht binnen toegewezen scope.","","P06; P07; P04","A01; A02; A30; V01","Geen actuele UI→command/read-model-keten vastgesteld.","TO_BUILD_OR_VERIFY","","",""
"P01.F06","P01","Mijn teams","/c/[club]/overzicht","true","","","","Persoonlijk voor lid/huishouden; beheeroverzicht binnen toegewezen scope.","","P12; P04","A01; A02; A30; V01","Geen actuele UI→command/read-model-keten vastgesteld.","TO_BUILD_OR_VERIFY","","",""
"P01.F07","P01","Aandacht en clubmomenten","/c/[club]/overzicht","true","","","","Persoonlijk voor lid/huishouden; beheeroverzicht binnen toegewezen scope.","","P16; P09; P13","A01; A02; A30; V01","Geen actuele UI→command/read-model-keten vastgesteld.","TO_BUILD_OR_VERIFY","","",""
"P02.F01","P02","Open verenigingstaken","/c/[club]/taken","true","api.list_shift_market","","app/c/[club]/diensten/page.tsx","Lid en gemachtigd huishouden; beheerders alleen namens iemand binnen expliciet mandaat.","R01","P08; P12; P19","A13; A15; A17; A27; T01; T02; T03; T12; V02","Teamreserveringen nog niet aangesloten.","IMPLEMENTED_PARTIAL_NOT_ACCEPTED","docs/release/evidence/local/20261006-w01/verification.md (deelbewijs; geen functieacceptatie)","docs/release/evidence/local/20261006-w01/visual-comparison.md (deelbewijs)",""
"P02.F02","P02","Zoeken en categorieën","/c/[club]/taken","true","","","","Lid en gemachtigd huishouden; beheerders alleen namens iemand binnen expliciet mandaat.","","P23; P17; P19","A13; A15; A17; A27; T01; T02; T03; T12; V02","Geen actuele UI→command/read-model-keten vastgesteld.","TO_BUILD_OR_VERIFY","","",""
"P02.F03","P02","Korte en passende taken","/c/[club]/taken","true","","","","Lid en gemachtigd huishouden; beheerders alleen namens iemand binnen expliciet mandaat.","","P23; P17; P12","A13; A15; A17; A27; T01; T02; T03; T12; V02","Geen actuele UI→command/read-model-keten vastgesteld.","TO_BUILD_OR_VERIFY","","",""
"P02.F04","P02","Taakdetails","/c/[club]/taken","true","","","","Lid en gemachtigd huishouden; beheerders alleen namens iemand binnen expliciet mandaat.","","P03; P10; P17","A13; A15; A17; A27; T01; T02; T03; T12; V02","Geen actuele UI→command/read-model-keten vastgesteld.","TO_BUILD_OR_VERIFY","","",""
"P02.F05","P02","Uitvoerder kiezen","/c/[club]/taken","true","","","","Lid en gemachtigd huishouden; beheerders alleen namens iemand binnen expliciet mandaat.","","P09; P23; P04","A13; A15; A17; A27; T01; T02; T03; T12; V02","Geen actuele UI→command/read-model-keten vastgesteld.","TO_BUILD_OR_VERIFY","","",""
"P02.F06","P02","Instructies erkennen en boeken","/c/[club]/taken","true","","api.book_shift","app/c/[club]/diensten/actions.ts","Lid en gemachtigd huishouden; beheerders alleen namens iemand binnen expliciet mandaat.","R01; R05; R09; R18","P03; P08; P12; P17","A13; A15; A17; A27; T01; T02; T03; T12; V02","Buddy/instructie-erkenning en volledige uitvoerderkeuze nog open.","IMPLEMENTED_PARTIAL_NOT_ACCEPTED","docs/release/evidence/local/20261006-w01/verification.md (deelbewijs; geen functieacceptatie)","docs/release/evidence/local/20261006-w01/visual-comparison.md (deelbewijs)",""
"P02.F07","P02","Wachtlijst","/c/[club]/taken","true","","","","Lid en gemachtigd huishouden; beheerders alleen namens iemand binnen expliciet mandaat.","","P03; P05; P14","A13; A15; A17; A27; T01; T02; T03; T12; V02","Geen actuele UI→command/read-model-keten vastgesteld.","TO_BUILD_OR_VERIFY","","",""
"P02.F08","P02","Taak aanpassen","/c/[club]/taken","true","","","","Lid en gemachtigd huishouden; beheerders alleen namens iemand binnen expliciet mandaat.","","P08; P03; P12","A13; A15; A17; A27; T01; T02; T03; T12; V02","Geen actuele UI→command/read-model-keten vastgesteld.","TO_BUILD_OR_VERIFY","","",""
"P02.F09","P02","Passende taak aanvragen","/c/[club]/taken","true","","","","Lid en gemachtigd huishouden; beheerders alleen namens iemand binnen expliciet mandaat.","","P09; P13; P19; P20","A13; A15; A17; A27; T01; T02; T03; T12; V02","Geen actuele UI→command/read-model-keten vastgesteld.","TO_BUILD_OR_VERIFY","","",""
"P02.F10","P02","Vaste vrijwilligersfunctie verkennen","/c/[club]/taken","true","","","","Lid en gemachtigd huishouden; beheerders alleen namens iemand binnen expliciet mandaat.","","P18; P09; P22","A13; A15; A17; A27; T01; T02; T03; T12; V02","Geen actuele UI→command/read-model-keten vastgesteld.","TO_BUILD_OR_VERIFY","","",""
"P03.F01","P03","Komende verenigingstaken","/c/[club]/mijn-taken","false","","","","Eigen verplichting/huishouden; uitvoeringscontrole door bevoegde commissie of teambeheerder binnen taakscope.","R01; R05","P02; P04; P09","A14; A15; A29; T04; T05; T07; T08; T13; T14; T18; C05; C10; F02; V03","Geen actuele UI→command/read-model-keten vastgesteld.","TO_BUILD_OR_VERIFY","","",""
"P03.F02","P03","Te bevestigen en historie","/c/[club]/mijn-taken","false","","","","Eigen verplichting/huishouden; uitvoeringscontrole door bevoegde commissie of teambeheerder binnen taakscope.","R07; R09","P13; P19; P20","A14; A15; A29; T04; T05; T07; T08; T13; T14; T18; C05; C10; F02; V03","Geen actuele UI→command/read-model-keten vastgesteld.","TO_BUILD_OR_VERIFY","","",""
"P03.F03","P03","Toegewezen teamplaatsen","/c/[club]/mijn-taken","false","","","","Eigen verplichting/huishouden; uitvoeringscontrole door bevoegde commissie of teambeheerder binnen taakscope.","R02","P12; P04; P13","A14; A15; A29; T04; T05; T07; T08; T13; T14; T18; C05; C10; F02; V03","Geen actuele UI→command/read-model-keten vastgesteld.","TO_BUILD_OR_VERIFY","","",""
"P03.F04","P03","Taken via mijn teams","/c/[club]/mijn-taken","false","","","","Eigen verplichting/huishouden; uitvoeringscontrole door bevoegde commissie of teambeheerder binnen taakscope.","","P12; P04; P09","A14; A15; A29; T04; T05; T07; T08; T13; T14; T18; C05; C10; F02; V03","Geen actuele UI→command/read-model-keten vastgesteld.","TO_BUILD_OR_VERIFY","","",""
"P03.F05","P03","Uitvoering bevestigen","/c/[club]/mijn-taken","false","","","","Eigen verplichting/huishouden; uitvoeringscontrole door bevoegde commissie of teambeheerder binnen taakscope.","R01; R02; R03; R08; R16","P12; P09; P13; P19; P20","A14; A15; A29; T04; T05; T07; T08; T13; T14; T18; C05; C10; F02; V03","Geen actuele UI→command/read-model-keten vastgesteld.","TO_BUILD_OR_VERIFY","","",""
"P03.F06","P03","Niet verschenen registreren","/c/[club]/mijn-taken","false","","","","Eigen verplichting/huishouden; uitvoeringscontrole door bevoegde commissie of teambeheerder binnen taakscope.","","P09; P20; P13","A14; A15; A29; T04; T05; T07; T08; T13; T14; T18; C05; C10; F02; V03","Geen actuele UI→command/read-model-keten vastgesteld.","TO_BUILD_OR_VERIFY","","",""
"P03.F07","P03","Afmelden binnen afspraak","/c/[club]/mijn-taken","false","","","","Eigen verplichting/huishouden; uitvoeringscontrole door bevoegde commissie of teambeheerder binnen taakscope.","","P05; P02; P09; P12","A14; A15; A29; T04; T05; T07; T08; T13; T14; T18; C05; C10; F02; V03","Geen actuele UI→command/read-model-keten vastgesteld.","TO_BUILD_OR_VERIFY","","",""
"P03.F08","P03","Ziekte of verhindering melden","/c/[club]/mijn-taken","false","","","","Eigen verplichting/huishouden; uitvoeringscontrole door bevoegde commissie of teambeheerder binnen taakscope.","","P12; P13; P14; P15","A14; A15; A29; T04; T05; T07; T08; T13; T14; T18; C05; C10; F02; V03","Geen actuele UI→command/read-model-keten vastgesteld.","TO_BUILD_OR_VERIFY","","",""
"P03.F09","P03","Overname vragen","/c/[club]/mijn-taken","false","","","","Eigen verplichting/huishouden; uitvoeringscontrole door bevoegde commissie of teambeheerder binnen taakscope.","R07","P05; P12; P14","A14; A15; A29; T04; T05; T07; T08; T13; T14; T18; C05; C10; F02; V03","Geen actuele UI→command/read-model-keten vastgesteld.","TO_BUILD_OR_VERIFY","","",""
"P03.F10","P03","Urenvraag en correctie","/c/[club]/mijn-taken","false","","","","Eigen verplichting/huishouden; uitvoeringscontrole door bevoegde commissie of teambeheerder binnen taakscope.","R08","P09; P13; P20","A14; A15; A29; T04; T05; T07; T08; T13; T14; T18; C05; C10; F02; V03","Geen actuele UI→command/read-model-keten vastgesteld.","TO_BUILD_OR_VERIFY","","",""
"P03.F11","P03","Ervaring delen","/c/[club]/mijn-taken","false","","","","Eigen verplichting/huishouden; uitvoeringscontrole door bevoegde commissie of teambeheerder binnen taakscope.","R16","P16; P12; P23; P18","A14; A15; A29; T04; T05; T07; T08; T13; T14; T18; C05; C10; F02; V03","Geen actuele UI→command/read-model-keten vastgesteld.","TO_BUILD_OR_VERIFY","","",""
"P04.F01","P04","Een huishoudmeter","/c/[club]/gezin","false","","","","Alleen het eigen huishouden of expliciet gemachtigde dossiercontext, ook voor een beheerder.","R02; R11","P09; P03; P12; P20","A01; A02; A30; T04; T05; T06; T07; T13; T15; C03; C04; V04","Geen actuele UI→command/read-model-keten vastgesteld.","TO_BUILD_OR_VERIFY","","",""
"P04.F02","P04","Meters per kind en team","/c/[club]/gezin","false","","","","Alleen het eigen huishouden of expliciet gemachtigde dossiercontext, ook voor een beheerder.","","P12; P03","A01; A02; A30; T04; T05; T06; T07; T13; T15; C03; C04; V04","Geen actuele UI→command/read-model-keten vastgesteld.","TO_BUILD_OR_VERIFY","","",""
"P04.F03","P04","Gecombineerde tijdlijn","/c/[club]/gezin","false","","","","Alleen het eigen huishouden of expliciet gemachtigde dossiercontext, ook voor een beheerder.","R05; R07","P03; P12; P07; P06","A01; A02; A30; T04; T05; T06; T07; T13; T15; C03; C04; V04","Geen actuele UI→command/read-model-keten vastgesteld.","TO_BUILD_OR_VERIFY","","",""
"P04.F04","P04","Komend en historie","/c/[club]/gezin","false","","","","Alleen het eigen huishouden of expliciet gemachtigde dossiercontext, ook voor een beheerder.","","P03; P19","A01; A02; A30; T04; T05; T06; T07; T13; T15; C03; C04; V04","Geen actuele UI→command/read-model-keten vastgesteld.","TO_BUILD_OR_VERIFY","","",""
"P04.F05","P04","Planningswaarschuwingen","/c/[club]/gezin","false","","","","Alleen het eigen huishouden of expliciet gemachtigde dossiercontext, ook voor een beheerder.","R05","P02; P12; P07; P23","A01; A02; A30; T04; T05; T06; T07; T13; T15; C03; C04; V04","Geen actuele UI→command/read-model-keten vastgesteld.","TO_BUILD_OR_VERIFY","","",""
"P04.F06","P04","Uitvoerder kiezen","/c/[club]/gezin","false","","","","Alleen het eigen huishouden of expliciet gemachtigde dossiercontext, ook voor een beheerder.","R02","P12; P03; P13","A01; A02; A30; T04; T05; T06; T07; T13; T15; C03; C04; V04","Geen actuele UI→command/read-model-keten vastgesteld.","TO_BUILD_OR_VERIFY","","",""
"P04.F07","P04","Afspraak en overname bekijken","/c/[club]/gezin","false","","","","Alleen het eigen huishouden of expliciet gemachtigde dossiercontext, ook voor een beheerder.","","P03; P12; P14","A01; A02; A30; T04; T05; T06; T07; T13; T15; C03; C04; V04","Geen actuele UI→command/read-model-keten vastgesteld.","TO_BUILD_OR_VERIFY","","",""
"P04.F08","P04","Terugblik op uitvoering","/c/[club]/gezin","false","","","","Alleen het eigen huishouden of expliciet gemachtigde dossiercontext, ook voor een beheerder.","","P16; P23; P18","A01; A02; A30; T04; T05; T06; T07; T13; T15; C03; C04; V04","Geen actuele UI→command/read-model-keten vastgesteld.","TO_BUILD_OR_VERIFY","","",""
"P05.F01","P05","Open overnameverzoeken","/c/[club]/ruilmarkt","false","","","","Geschikte toegestane uitvoerders; ruilinstemming door de betrokken accounts of expliciet gemachtigde actor.","R07","P03; P12; P02","A14; V05","Geen actuele UI→command/read-model-keten vastgesteld.","TO_BUILD_OR_VERIFY","","",""
"P05.F02","P05","Passende vervanger kiezen","/c/[club]/ruilmarkt","false","","","","Geschikte toegestane uitvoerders; ruilinstemming door de betrokken accounts of expliciet gemachtigde actor.","R07","P23; P17; P09","A14; V05","Geen actuele UI→command/read-model-keten vastgesteld.","TO_BUILD_OR_VERIFY","","",""
"P05.F03","P05","Definitief overnemen","/c/[club]/ruilmarkt","false","","","","Geschikte toegestane uitvoerders; ruilinstemming door de betrokken accounts of expliciet gemachtigde actor.","R07","P03; P04; P08; P14","A14; V05","Geen actuele UI→command/read-model-keten vastgesteld.","TO_BUILD_OR_VERIFY","","",""
"P05.F04","P05","Wederzijds ruilen","/c/[club]/ruilmarkt","false","","","","Geschikte toegestane uitvoerders; ruilinstemming door de betrokken accounts of expliciet gemachtigde actor.","R07","P03; P17; P09","A14; V05","Geen actuele UI→command/read-model-keten vastgesteld.","TO_BUILD_OR_VERIFY","","",""
"P05.F05","P05","Verlopen of gewijzigde ruil","/c/[club]/ruilmarkt","false","","","","Geschikte toegestane uitvoerders; ruilinstemming door de betrokken accounts of expliciet gemachtigde actor.","","P03; P13; P14","A14; V05","Geen actuele UI→command/read-model-keten vastgesteld.","TO_BUILD_OR_VERIFY","","",""
"P06.F01","P06","Maandkalender en lagen","/c/[club]/agenda","false","","","","Alleen toegestane verenigings-, commissie-, team- en huishouditems.","","P04; P07; P03; P12","A25; V06","Geen actuele UI→command/read-model-keten vastgesteld.","TO_BUILD_OR_VERIFY","","",""
"P06.F02","P06","Kalenderitem openen","/c/[club]/agenda","false","","","","Alleen toegestane verenigings-, commissie-, team- en huishouditems.","","P10; P12; P14","A25; V06","Geen actuele UI→command/read-model-keten vastgesteld.","TO_BUILD_OR_VERIFY","","",""
"P06.F03","P06","Activiteit maken","/c/[club]/agenda","false","","","","Alleen toegestane verenigings-, commissie-, team- en huishouditems.","","P10; P11; P16; P17","A25; V06","Geen actuele UI→command/read-model-keten vastgesteld.","TO_BUILD_OR_VERIFY","","",""
"P06.F04","P06","Locatieconflict controleren","/c/[club]/agenda","false","","","","Alleen toegestane verenigings-, commissie-, team- en huishouditems.","","P08; P07","A25; V06","Geen actuele UI→command/read-model-keten vastgesteld.","TO_BUILD_OR_VERIFY","","",""
"P06.F05","P06","Aanwezigheid bij activiteit","/c/[club]/agenda","false","","","","Alleen toegestane verenigings-, commissie-, team- en huishouditems.","","P14; P19","A25; V06","Geen actuele UI→command/read-model-keten vastgesteld.","TO_BUILD_OR_VERIFY","","",""
"P06.F06","P06","Herhaling van activiteiten","/c/[club]/agenda","false","","","","Alleen toegestane verenigings-, commissie-, team- en huishouditems.","","P22; P14; P08","A25; V06","Geen actuele UI→command/read-model-keten vastgesteld.","TO_BUILD_OR_VERIFY","","",""
"P07.F01","P07","Wedstrijdprogramma filteren","/c/[club]/wedstrijden","false","","","","Wedstrijdinzage volgens teamscope; import en gevolgenbeoordeling alleen voor bevoegd beheer.","R05","P04; P06; P12","A18; A19; T09; T11; C04; O04; O06; O09; V07","Geen actuele UI→command/read-model-keten vastgesteld.","TO_BUILD_OR_VERIFY","","",""
"P07.F02","P07","Nu synchroniseren","/c/[club]/wedstrijden","false","","","","Wedstrijdinzage volgens teamscope; import en gevolgenbeoordeling alleen voor bevoegd beheer.","R13","P22; P14; P13","A18; A19; T09; T11; C04; O04; O06; O09; V07","Geen actuele UI→command/read-model-keten vastgesteld.","TO_BUILD_OR_VERIFY","","",""
"P07.F03","P07","Taakvoorstellen bij thuiswedstrijd","/c/[club]/wedstrijden","false","","","","Wedstrijdinzage volgens teamscope; import en gevolgenbeoordeling alleen voor bevoegd beheer.","R13","P08; P02; P10","A18; A19; T09; T11; C04; O04; O06; O09; V07","Geen actuele UI→command/read-model-keten vastgesteld.","TO_BUILD_OR_VERIFY","","",""
"P07.F04","P07","Wijzigingsgevolgen bekijken","/c/[club]/wedstrijden","false","","","","Wedstrijdinzage volgens teamscope; import en gevolgenbeoordeling alleen voor bevoegd beheer.","R13","P08; P12; P03; P13","A18; A19; T09; T11; C04; O04; O06; O09; V07","Geen actuele UI→command/read-model-keten vastgesteld.","TO_BUILD_OR_VERIFY","","",""
"P07.F05","P07","Tijden behouden en informeren","/c/[club]/wedstrijden","false","","","","Wedstrijdinzage volgens teamscope; import en gevolgenbeoordeling alleen voor bevoegd beheer.","R13","P08; P14; P06","A18; A19; T09; T11; C04; O04; O06; O09; V07","Geen actuele UI→command/read-model-keten vastgesteld.","TO_BUILD_OR_VERIFY","","",""
"P08.F01","P08","Rooster per commissie en datum","/c/[club]/planbord","false","","","","Eigen commissie voor commissiecoördinator; centrale verdeling voor vrijwilligerscommissie/bestuur.","","P02; P10; P12; P07","A13; A16; A17; T01; T02; T03; T09; T12; C01; C03; V08","Geen actuele UI→command/read-model-keten vastgesteld.","TO_BUILD_OR_VERIFY","","",""
"P08.F02","P08","Verenigingstaak maken","/c/[club]/planbord","false","","","","Eigen commissie voor commissiecoördinator; centrale verdeling voor vrijwilligerscommissie/bestuur.","R01","P02; P03; P17; P22","A13; A16; A17; T01; T02; T03; T09; T12; C01; C03; V08","Geen actuele UI→command/read-model-keten vastgesteld.","TO_BUILD_OR_VERIFY","","",""
"P08.F03","P08","Vrije markt of team kiezen","/c/[club]/planbord","false","","","","Eigen commissie voor commissiecoördinator; centrale verdeling voor vrijwilligerscommissie/bestuur.","","P12; P22; P02","A13; A16; A17; T01; T02; T03; T09; T12; C01; C03; V08","Geen actuele UI→command/read-model-keten vastgesteld.","TO_BUILD_OR_VERIFY","","",""
"P08.F04","P08","Taak openen en bewerken","/c/[club]/planbord","false","","","","Eigen commissie voor commissiecoördinator; centrale verdeling voor vrijwilligerscommissie/bestuur.","","P03; P12; P07","A13; A16; A17; T01; T02; T03; T09; T12; C01; C03; V08","Geen actuele UI→command/read-model-keten vastgesteld.","TO_BUILD_OR_VERIFY","","",""
"P08.F05","P08","Tijdblok verplaatsen of verlengen","/c/[club]/planbord","false","","","","Eigen commissie voor commissiecoördinator; centrale verdeling voor vrijwilligerscommissie/bestuur.","","P03; P06; P12","A13; A16; A17; T01; T02; T03; T09; T12; C01; C03; V08","Geen actuele UI→command/read-model-keten vastgesteld.","TO_BUILD_OR_VERIFY","","",""
"P08.F06","P08","Roostersjabloon toepassen","/c/[club]/planbord","false","","","","Eigen commissie voor commissiecoördinator; centrale verdeling voor vrijwilligerscommissie/bestuur.","R13","P07; P22; P02","A13; A16; A17; T01; T02; T03; T09; T12; C01; C03; V08","Geen actuele UI→command/read-model-keten vastgesteld.","TO_BUILD_OR_VERIFY","","",""
"P08.F07","P08","Concepten publiceren","/c/[club]/planbord","false","","","","Eigen commissie voor commissiecoördinator; centrale verdeling voor vrijwilligerscommissie/bestuur.","R01; R13; R15","P02; P14; P21","A13; A16; A17; T01; T02; T03; T09; T12; C01; C03; V08","Geen actuele UI→command/read-model-keten vastgesteld.","TO_BUILD_OR_VERIFY","","",""
"P08.F08","P08","Vrije plaatsen clusteren","/c/[club]/planbord","false","","","","Eigen commissie voor commissiecoördinator; centrale verdeling voor vrijwilligerscommissie/bestuur.","R02","P12; P02; P03","A13; A16; A17; T01; T02; T03; T09; T12; C01; C03; V08","Geen actuele UI→command/read-model-keten vastgesteld.","TO_BUILD_OR_VERIFY","","",""
"P08.F09","P08","Teamadvies bij cluster","/c/[club]/planbord","false","","","","Eigen commissie voor commissiecoördinator; centrale verdeling voor vrijwilligerscommissie/bestuur.","","P12; P04; P23; P17","A13; A16; A17; T01; T02; T03; T09; T12; C01; C03; V08","Geen actuele UI→command/read-model-keten vastgesteld.","TO_BUILD_OR_VERIFY","","",""
"P08.F10","P08","Clusterbezetting volgen","/c/[club]/planbord","false","","","","Eigen commissie voor commissiecoördinator; centrale verdeling voor vrijwilligerscommissie/bestuur.","","P12; P13; P19","A13; A16; A17; T01; T02; T03; T09; T12; C01; C03; V08","Geen actuele UI→command/read-model-keten vastgesteld.","TO_BUILD_OR_VERIFY","","",""
"P08.F11","P08","Cluster vrijgeven","/c/[club]/planbord","false","","","","Eigen commissie voor commissiecoördinator; centrale verdeling voor vrijwilligerscommissie/bestuur.","","P02; P12; P03","A13; A16; A17; T01; T02; T03; T09; T12; C01; C03; V08","Geen actuele UI→command/read-model-keten vastgesteld.","TO_BUILD_OR_VERIFY","","",""
"P09.F01","P09","Dossiers zoeken en filteren","/c/[club]/huishoudens","false","","","","Vrijwilligerscommissie/bestuur; vrijwilligerscoördinator uitsluitend portefeuille, financiële details apart afgeschermd.","","P01; P19; P20","A01; A02; A03; A04; A05; A06; A07; A08; A09; A10; A26; A29; T02; T05; T07; T08; T10; T15; T16; T17; T18; C09; F01; F02; O07; O09; O10; V09","Geen actuele UI→command/read-model-keten vastgesteld.","TO_BUILD_OR_VERIFY","","",""
"P09.F02","P09","Nieuw huishouddossier","/c/[club]/huishoudens","false","","","","Vrijwilligerscommissie/bestuur; vrijwilligerscoördinator uitsluitend portefeuille, financiële details apart afgeschermd.","R11","P23; P22; P20","A01; A02; A03; A04; A05; A06; A07; A08; A09; A10; A26; A29; T02; T05; T07; T08; T10; T15; T16; T17; T18; C09; F01; F02; O07; O09; O10; V09","Geen actuele UI→command/read-model-keten vastgesteld.","TO_BUILD_OR_VERIFY","","",""
"P09.F03","P09","Huishouddossier openen","/c/[club]/huishouden","true","api.get_household_dossier_v2","","app/c/[club]/huishouden/page.tsx; components/app/household-dossier.tsx","Vrijwilligerscommissie/bestuur; vrijwilligerscoördinator uitsluitend portefeuille, financiële details apart afgeschermd.","R01; R03","P03; P04; P12; P20","A01; A02; A03; A04; A05; A06; A07; A08; A09; A10; A26; A29; T02; T05; T07; T08; T10; T15; T16; T17; T18; C09; F01; F02; O07; O09; O10; V09","Eigen of expliciet toegestaan dossier met vier tabs en seizoensstand; volledige beheerderszoekroute en beoordelingsflows nog open.","IMPLEMENTED_PARTIAL_NOT_ACCEPTED","docs/release/evidence/local/20261006-w02-dossier/verification.md","docs/release/evidence/local/20261006-w02-dossier/compare.html",""
"P09.F04","P09","Personen en verificatie","/c/[club]/huishouden","true","api.get_household_dossier_v2","","components/app/household-dossier.tsx","Vrijwilligerscommissie/bestuur; vrijwilligerscoördinator uitsluitend portefeuille, financiële details apart afgeschermd.","","P23; P22","A01; A02; A03; A04; A05; A06; A07; A08; A09; A10; A26; A29; T02; T05; T07; T08; T10; T15; T16; T17; T18; C09; F01; F02; O07; O09; O10; V09","Minimale namen en actuele identiteitkoppeling binnen rechten; geen verificatietoggle. Bronverificatie en beheer van persoonskoppelingen nog open.","IMPLEMENTED_PARTIAL_NOT_ACCEPTED","docs/release/evidence/local/20261006-w02-dossier/verification.md","docs/release/evidence/local/20261006-w02-dossier/compare.html",""
"P09.F05","P09","Extra uitvoerder uitnodigen","/c/[club]/huishouden","true","api.household_invitation_delivery_v2; api.household_invitation_context","api.create_household_invitation_v2; api.mark_household_invitation_delivery_v2; api.accept_household_invitation_v2; api.cancel_household_invitation; Supabase Auth.admin.inviteUserByEmail","app/c/[club]/huishouden/actions.ts; components/app/invite-executor-form.tsx; components/app/cancel-invitation-form.tsx; app/invite/accept/actions.ts","Vrijwilligerscommissie/bestuur; vrijwilligerscoördinator uitsluitend portefeuille, financiële details apart afgeschermd.","R11","P22; P23; P02","A01; A02; A03; A04; A05; A06; A07; A08; A09; A10; A26; A29; T02; T05; T07; T08; T10; T15; T16; T17; T18; C09; F01; F02; O07; O09; O10; V09","Versioned aanmaak, acceptatie en intrekking, huidige identiteit, minimale context en retries lokaal bewezen. Bootstrap-ingangen afgesloten en bevoegdheid na de dossierlock opnieuw gecontroleerd; echte REST- en vier lifecycle-raceproeven groen. Grantbeheer, providerconcurrency, remote contractupgrade en stagingketen blijven open.","IMPLEMENTED_PARTIAL_NOT_ACCEPTED","docs/release/evidence/local/20261006-w02-invitation-contract/verification.md","docs/release/evidence/local/20261006-w02-invitation-contract/compare.html",""
"P09.F06","P09","Individuele afspraak aanvragen","/c/[club]/huishoudens","false","","","","Vrijwilligerscommissie/bestuur; vrijwilligerscoördinator uitsluitend portefeuille, financiële details apart afgeschermd.","","P20; P13; P22","A01; A02; A03; A04; A05; A06; A07; A08; A09; A10; A26; A29; T02; T05; T07; T08; T10; T15; T16; T17; T18; C09; F01; F02; O07; O09; O10; V09","Geen actuele UI→command/read-model-keten vastgesteld.","TO_BUILD_OR_VERIFY","","",""
"P09.F07","P09","Aanvragen beoordelen","/c/[club]/huishoudens","false","","","","Vrijwilligerscommissie/bestuur; vrijwilligerscoördinator uitsluitend portefeuille, financiële details apart afgeschermd.","R08; R20","P13; P20; P15","A01; A02; A03; A04; A05; A06; A07; A08; A09; A10; A26; A29; T02; T05; T07; T08; T10; T15; T16; T17; T18; C09; F01; F02; O07; O09; O10; V09","Geen actuele UI→command/read-model-keten vastgesteld.","TO_BUILD_OR_VERIFY","","",""
"P09.F08","P09","Vaste vrijwilligersrol erkennen","/c/[club]/huishoudens","false","","","","Vrijwilligerscommissie/bestuur; vrijwilligerscoördinator uitsluitend portefeuille, financiële details apart afgeschermd.","R10","P18; P22; P20","A01; A02; A03; A04; A05; A06; A07; A08; A09; A10; A26; A29; T02; T05; T07; T08; T10; T15; T16; T17; T18; C09; F01; F02; O07; O09; O10; V09","Geen actuele UI→command/read-model-keten vastgesteld.","TO_BUILD_OR_VERIFY","","",""
"P09.F09","P09","Einde rol opvolgen","/c/[club]/huishoudens","false","","","","Vrijwilligerscommissie/bestuur; vrijwilligerscoördinator uitsluitend portefeuille, financiële details apart afgeschermd.","R10","P22; P13; P20","A01; A02; A03; A04; A05; A06; A07; A08; A09; A10; A26; A29; T02; T05; T07; T08; T10; T15; T16; T17; T18; C09; F01; F02; O07; O09; O10; V09","Geen actuele UI→command/read-model-keten vastgesteld.","TO_BUILD_OR_VERIFY","","",""
"P09.F10","P09","Huishoudens koppelen splitsen herstellen","/c/[club]/huishoudens","false","","","","Vrijwilligerscommissie/bestuur; vrijwilligerscoördinator uitsluitend portefeuille, financiële details apart afgeschermd.","R11","P23; P04; P20","A01; A02; A03; A04; A05; A06; A07; A08; A09; A10; A26; A29; T02; T05; T07; T08; T10; T15; T16; T17; T18; C09; F01; F02; O07; O09; O10; V09","Geen actuele UI→command/read-model-keten vastgesteld.","TO_BUILD_OR_VERIFY","","",""
"P09.F11","P09","Wintertekort passend plannen","/c/[club]/huishoudens","false","","","","Vrijwilligerscommissie/bestuur; vrijwilligerscoördinator uitsluitend portefeuille, financiële details apart afgeschermd.","R09","P03; P02; P12; P20","A01; A02; A03; A04; A05; A06; A07; A08; A09; A10; A26; A29; T02; T05; T07; T08; T10; T15; T16; T17; T18; C09; F01; F02; O07; O09; O10; V09","Geen actuele UI→command/read-model-keten vastgesteld.","TO_BUILD_OR_VERIFY","","",""
"P09.F12","P09","Dossierhistorie","/c/[club]/huishouden","true","api.get_household_dossier_v2","","components/app/household-dossier.tsx","Vrijwilligerscommissie/bestuur; vrijwilligerscoördinator uitsluitend portefeuille, financiële details apart afgeschermd.","","P22; P20; P23","A01; A02; A03; A04; A05; A06; A07; A08; A09; A10; A26; A29; T02; T05; T07; T08; T10; T15; T16; T17; T18; C09; F01; F02; O07; O09; O10; V09","Alleen eigen of expliciet beoordeelbare dossieracties, zonder auditpayload. Volledige besluit-, correctie- en werkhistorie nog open.","IMPLEMENTED_PARTIAL_NOT_ACCEPTED","docs/release/evidence/local/20261006-w02-dossier/verification.md","docs/release/evidence/local/20261006-w02-dossier/compare.html",""
"P09.F13","P09","CSV-overzicht exporteren","/c/[club]/huishoudens","false","","","","Vrijwilligerscommissie/bestuur; vrijwilligerscoördinator uitsluitend portefeuille, financiële details apart afgeschermd.","","P19; P20; P12","A01; A02; A03; A04; A05; A06; A07; A08; A09; A10; A26; A29; T02; T05; T07; T08; T10; T15; T16; T17; T18; C09; F01; F02; O07; O09; O10; V09","Geen actuele UI→command/read-model-keten vastgesteld.","TO_BUILD_OR_VERIFY","","",""
"P10.F01","P10","Commissie kiezen","/c/[club]/commissies","false","","","","Eigen commissie en expliciete leden/document-ACL; centraal beheer volgens mandaat.","","P08; P11; P14","A24; A25; C11; V10","Geen actuele UI→command/read-model-keten vastgesteld.","TO_BUILD_OR_VERIFY","","",""
"P10.F02","P10","Actueel werk bekijken","/c/[club]/commissies","false","","","","Eigen commissie en expliciete leden/document-ACL; centraal beheer volgens mandaat.","R12","P08; P11; P14","A24; A25; C11; V10","Geen actuele UI→command/read-model-keten vastgesteld.","TO_BUILD_OR_VERIFY","","",""
"P10.F03","P10","Commissielid toevoegen","/c/[club]/commissies","false","","","","Eigen commissie en expliciete leden/document-ACL; centraal beheer volgens mandaat.","","P22; P18","A24; A25; C11; V10","Geen actuele UI→command/read-model-keten vastgesteld.","TO_BUILD_OR_VERIFY","","",""
"P10.F04","P10","Coordinator wijzigen","/c/[club]/commissies","false","","","","Eigen commissie en expliciete leden/document-ACL; centraal beheer volgens mandaat.","","P22; P13","A24; A25; C11; V10","Geen actuele UI→command/read-model-keten vastgesteld.","TO_BUILD_OR_VERIFY","","",""
"P10.F05","P10","Documenten en instructies zoeken","/c/[club]/commissies","false","","","","Eigen commissie en expliciete leden/document-ACL; centraal beheer volgens mandaat.","","P02; P12; P11","A24; A25; C11; V10","Geen actuele UI→command/read-model-keten vastgesteld.","TO_BUILD_OR_VERIFY","","",""
"P10.F06","P10","Kennis toevoegen","/c/[club]/commissies","false","","","","Eigen commissie en expliciete leden/document-ACL; centraal beheer volgens mandaat.","","P02; P11; P14","A24; A25; C11; V10","Geen actuele UI→command/read-model-keten vastgesteld.","TO_BUILD_OR_VERIFY","","",""
"P10.F07","P10","Documentversie bewerken","/c/[club]/commissies","false","","","","Eigen commissie en expliciete leden/document-ACL; centraal beheer volgens mandaat.","","P02; P03; P12","A24; A25; C11; V10","Geen actuele UI→command/read-model-keten vastgesteld.","TO_BUILD_OR_VERIFY","","",""
"P10.F08","P10","Document downloaden","/c/[club]/commissies","false","","","","Eigen commissie en expliciete leden/document-ACL; centraal beheer volgens mandaat.","","P11; P22","A24; A25; C11; V10","Geen actuele UI→command/read-model-keten vastgesteld.","TO_BUILD_OR_VERIFY","","",""
"P11.F01","P11","Bord en commissie kiezen","/c/[club]/kanban","false","","","","Boardleden/commissie binnen bronrechten; persoonlijk alleen eigen toegestane kaarten.","","P10; P13","A24; A25; O07; V11","Geen actuele UI→command/read-model-keten vastgesteld.","TO_BUILD_OR_VERIFY","","",""
"P11.F02","P11","Kaart maken","/c/[club]/kanban","false","","","","Boardleden/commissie binnen bronrechten; persoonlijk alleen eigen toegestane kaarten.","R12","P13; P10","A24; A25; O07; V11","Geen actuele UI→command/read-model-keten vastgesteld.","TO_BUILD_OR_VERIFY","","",""
"P11.F03","P11","Kolom maken en ordenen","/c/[club]/kanban","false","","","","Boardleden/commissie binnen bronrechten; persoonlijk alleen eigen toegestane kaarten.","","P10; P22","A24; A25; O07; V11","Geen actuele UI→command/read-model-keten vastgesteld.","TO_BUILD_OR_VERIFY","","",""
"P11.F04","P11","Kaart verplaatsen en afronden","/c/[club]/kanban","false","","","","Boardleden/commissie binnen bronrechten; persoonlijk alleen eigen toegestane kaarten.","R12","P03; P12; P19","A24; A25; O07; V11","Geen actuele UI→command/read-model-keten vastgesteld.","TO_BUILD_OR_VERIFY","","",""
"P11.F05","P11","Omschrijving en planning bewerken","/c/[club]/kanban","false","","","","Boardleden/commissie binnen bronrechten; persoonlijk alleen eigen toegestane kaarten.","","P06; P13","A24; A25; O07; V11","Geen actuele UI→command/read-model-keten vastgesteld.","TO_BUILD_OR_VERIFY","","",""
"P11.F06","P11","Meerdere uitvoerders en aanspreekpunt","/c/[club]/kanban","false","","","","Boardleden/commissie binnen bronrechten; persoonlijk alleen eigen toegestane kaarten.","R12","P10; P13; P14","A24; A25; O07; V11","Geen actuele UI→command/read-model-keten vastgesteld.","TO_BUILD_OR_VERIFY","","",""
"P11.F07","P11","Checklist en subtaken","/c/[club]/kanban","false","","","","Boardleden/commissie binnen bronrechten; persoonlijk alleen eigen toegestane kaarten.","R12","P13; P14","A24; A25; O07; V11","Geen actuele UI→command/read-model-keten vastgesteld.","TO_BUILD_OR_VERIFY","","",""
"P11.F08","P11","Reacties en mentions","/c/[club]/kanban","false","","","","Boardleden/commissie binnen bronrechten; persoonlijk alleen eigen toegestane kaarten.","R12","P14; P13","A24; A25; O07; V11","Geen actuele UI→command/read-model-keten vastgesteld.","TO_BUILD_OR_VERIFY","","",""
"P11.F09","P11","Bijlage toevoegen en downloaden","/c/[club]/kanban","false","","","","Boardleden/commissie binnen bronrechten; persoonlijk alleen eigen toegestane kaarten.","","P10; P22","A24; A25; O07; V11","Geen actuele UI→command/read-model-keten vastgesteld.","TO_BUILD_OR_VERIFY","","",""
"P11.F10","P11","Agenda of verenigingstaak koppelen","/c/[club]/kanban","false","","","","Boardleden/commissie binnen bronrechten; persoonlijk alleen eigen toegestane kaarten.","","P06; P08; P02","A24; A25; O07; V11","Geen actuele UI→command/read-model-keten vastgesteld.","TO_BUILD_OR_VERIFY","","",""
"P11.F11","P11","Historie en toegankelijk openen","/c/[club]/kanban","false","","","","Boardleden/commissie binnen bronrechten; persoonlijk alleen eigen toegestane kaarten.","","P22; P13","A24; A25; O07; V11","Geen actuele UI→command/read-model-keten vastgesteld.","TO_BUILD_OR_VERIFY","","",""
"P12.F01","P12","Team kiezen en statusmeters","/c/[club]/teams","false","","","","Eigen teamhuishouden ziet eigen benodigde voortgang; teamouder beheert eigen team; commissie verdeelt verenigingstaken.","","P01; P04; P13; P08","A12; A13; A14; A27; A30; T01; T02; T03; T04; T05; T06; T07; T08; T09; T10; T11; T12; T13; T14; T15; T16; T17; T18; C01; C02; C03; C04; C05; C06; C07; C08; C09; C11; O06; O10; V12","Geen actuele UI→command/read-model-keten vastgesteld.","TO_BUILD_OR_VERIFY","","",""
"P12.F02","P12","Besloten teamtakenmarkt","/c/[club]/teams","false","","","","Eigen teamhuishouden ziet eigen benodigde voortgang; teamouder beheert eigen team; commissie verdeelt verenigingstaken.","R02","P02; P08; P03","A12; A13; A14; A27; A30; T01; T02; T03; T04; T05; T06; T07; T08; T09; T10; T11; T12; T13; T14; T15; T16; T17; T18; C01; C02; C03; C04; C05; C06; C07; C08; C09; C11; O06; O10; V12","Geen actuele UI→command/read-model-keten vastgesteld.","TO_BUILD_OR_VERIFY","","",""
"P12.F03","P12","Inschrijfwijze per cluster","/c/[club]/teams","false","","","","Eigen teamhuishouden ziet eigen benodigde voortgang; teamouder beheert eigen team; commissie verdeelt verenigingstaken.","R06","P08; P13; P14","A12; A13; A14; A27; A30; T01; T02; T03; T04; T05; T06; T07; T08; T09; T10; T11; T12; T13; T14; T15; T16; T17; T18; C01; C02; C03; C04; C05; C06; C07; C08; C09; C11; O06; O10; V12","Geen actuele UI→command/read-model-keten vastgesteld.","TO_BUILD_OR_VERIFY","","",""
"P12.F04","P12","Teamplanning en clusters","/c/[club]/teams","false","","","","Eigen teamhuishouden ziet eigen benodigde voortgang; teamouder beheert eigen team; commissie verdeelt verenigingstaken.","R02; R05; R17","P03; P04; P08","A12; A13; A14; A27; A30; T01; T02; T03; T04; T05; T06; T07; T08; T09; T10; T11; T12; T13; T14; T15; T16; T17; T18; C01; C02; C03; C04; C05; C06; C07; C08; C09; C11; O06; O10; V12","Geen actuele UI→command/read-model-keten vastgesteld.","TO_BUILD_OR_VERIFY","","",""
"P12.F05","P12","Plaats aan lid toewijzen","/c/[club]/teams","false","","","","Eigen teamhuishouden ziet eigen benodigde voortgang; teamouder beheert eigen team; commissie verdeelt verenigingstaken.","R02; R04","P04; P13; P23","A12; A13; A14; A27; A30; T01; T02; T03; T04; T05; T06; T07; T08; T09; T10; T11; T12; T13; T14; T15; T16; T17; T18; C01; C02; C03; C04; C05; C06; C07; C08; C09; C11; O06; O10; V12","Geen actuele UI→command/read-model-keten vastgesteld.","TO_BUILD_OR_VERIFY","","",""
"P12.F06","P12","Toewijzing opnieuw vrijmaken","/c/[club]/teams","false","","","","Eigen teamhuishouden ziet eigen benodigde voortgang; teamouder beheert eigen team; commissie verdeelt verenigingstaken.","","P03; P08; P13","A12; A13; A14; A27; A30; T01; T02; T03; T04; T05; T06; T07; T08; T09; T10; T11; T12; T13; T14; T15; T16; T17; T18; C01; C02; C03; C04; C05; C06; C07; C08; C09; C11; O06; O10; V12","Geen actuele UI→command/read-model-keten vastgesteld.","TO_BUILD_OR_VERIFY","","",""
"P12.F07","P12","Huishouden kiest uitvoerder","/c/[club]/teams","false","","","","Eigen teamhuishouden ziet eigen benodigde voortgang; teamouder beheert eigen team; commissie verdeelt verenigingstaken.","R02; R03; R06; R09; R18","P04; P03; P09; P17","A12; A13; A14; A27; A30; T01; T02; T03; T04; T05; T06; T07; T08; T09; T10; T11; T12; T13; T14; T15; T16; T17; T18; C01; C02; C03; C04; C05; C06; C07; C08; C09; C11; O06; O10; V12","Geen actuele UI→command/read-model-keten vastgesteld.","TO_BUILD_OR_VERIFY","","",""
"P12.F08","P12","Vrijwillig extra helpen","/c/[club]/teams","false","","","","Eigen teamhuishouden ziet eigen benodigde voortgang; teamouder beheert eigen team; commissie verdeelt verenigingstaken.","R06","P23; P09; P13","A12; A13; A14; A27; A30; T01; T02; T03; T04; T05; T06; T07; T08; T09; T10; T11; T12; T13; T14; T15; T16; T17; T18; C01; C02; C03; C04; C05; C06; C07; C08; C09; C11; O06; O10; V12","Geen actuele UI→command/read-model-keten vastgesteld.","TO_BUILD_OR_VERIFY","","",""
"P12.F09","P12","Verhindering en vervanging","/c/[club]/teams","false","","","","Eigen teamhuishouden ziet eigen benodigde voortgang; teamouder beheert eigen team; commissie verdeelt verenigingstaken.","","P03; P04; P13; P14","A12; A13; A14; A27; A30; T01; T02; T03; T04; T05; T06; T07; T08; T09; T10; T11; T12; T13; T14; T15; T16; T17; T18; C01; C02; C03; C04; C05; C06; C07; C08; C09; C11; O06; O10; V12","Geen actuele UI→command/read-model-keten vastgesteld.","TO_BUILD_OR_VERIFY","","",""
"P12.F10","P12","Eigen teamtaak publiceren","/c/[club]/teams","false","","","","Eigen teamhuishouden ziet eigen benodigde voortgang; teamouder beheert eigen team; commissie verdeelt verenigingstaken.","R03; R16","P07; P17; P08","A12; A13; A14; A27; A30; T01; T02; T03; T04; T05; T06; T07; T08; T09; T10; T11; T12; T13; T14; T15; T16; T17; T18; C01; C02; C03; C04; C05; C06; C07; C08; C09; C11; O06; O10; V12","Geen actuele UI→command/read-model-keten vastgesteld.","TO_BUILD_OR_VERIFY","","",""
"P12.F11","P12","Wekelijks herhalen","/c/[club]/teams","false","","","","Eigen teamhuishouden ziet eigen benodigde voortgang; teamouder beheert eigen team; commissie verdeelt verenigingstaken.","R03","P06; P07; P22","A12; A13; A14; A27; A30; T01; T02; T03; T04; T05; T06; T07; T08; T09; T10; T11; T12; T13; T14; T15; T16; T17; T18; C01; C02; C03; C04; C05; C06; C07; C08; C09; C11; O06; O10; V12","Geen actuele UI→command/read-model-keten vastgesteld.","TO_BUILD_OR_VERIFY","","",""
"P12.F12","P12","Verenigingsuren aanvragen","/c/[club]/teams","false","","","","Eigen teamhuishouden ziet eigen benodigde voortgang; teamouder beheert eigen team; commissie verdeelt verenigingstaken.","R03","P08; P09; P19; P20","A12; A13; A14; A27; A30; T01; T02; T03; T04; T05; T06; T07; T08; T09; T10; T11; T12; T13; T14; T15; T16; T17; T18; C01; C02; C03; C04; C05; C06; C07; C08; C09; C11; O06; O10; V12","Geen actuele UI→command/read-model-keten vastgesteld.","TO_BUILD_OR_VERIFY","","",""
"P12.F13","P12","Teamdoel per seizoen","/c/[club]/teams","false","","","","Eigen teamhuishouden ziet eigen benodigde voortgang; teamouder beheert eigen team; commissie verdeelt verenigingstaken.","R04; R21","P04; P09; P22","A12; A13; A14; A27; A30; T01; T02; T03; T04; T05; T06; T07; T08; T09; T10; T11; T12; T13; T14; T15; T16; T17; T18; C01; C02; C03; C04; C05; C06; C07; C08; C09; C11; O06; O10; V12","Geen actuele UI→command/read-model-keten vastgesteld.","TO_BUILD_OR_VERIFY","","",""
"P12.F14","P12","Individuele doelafwijking","/c/[club]/teams","false","","","","Eigen teamhuishouden ziet eigen benodigde voortgang; teamouder beheert eigen team; commissie verdeelt verenigingstaken.","R04","P04; P13; P22","A12; A13; A14; A27; A30; T01; T02; T03; T04; T05; T06; T07; T08; T09; T10; T11; T12; T13; T14; T15; T16; T17; T18; C01; C02; C03; C04; C05; C06; C07; C08; C09; C11; O06; O10; V12","Geen actuele UI→command/read-model-keten vastgesteld.","TO_BUILD_OR_VERIFY","","",""
"P12.F15","P12","Voortgang per lid","/c/[club]/teams","false","","","","Eigen teamhuishouden ziet eigen benodigde voortgang; teamouder beheert eigen team; commissie verdeelt verenigingstaken.","R02; R03; R17","P03; P04; P19","A12; A13; A14; A27; A30; T01; T02; T03; T04; T05; T06; T07; T08; T09; T10; T11; T12; T13; T14; T15; T16; T17; T18; C01; C02; C03; C04; C05; C06; C07; C08; C09; C11; O06; O10; V12","Geen actuele UI→command/read-model-keten vastgesteld.","TO_BUILD_OR_VERIFY","","",""
"P12.F16","P12","Huishoudvoortgang van team","/c/[club]/teams","false","","","","Eigen teamhuishouden ziet eigen benodigde voortgang; teamouder beheert eigen team; commissie verdeelt verenigingstaken.","","P09; P04; P20","A12; A13; A14; A27; A30; T01; T02; T03; T04; T05; T06; T07; T08; T09; T10; T11; T12; T13; T14; T15; T16; T17; T18; C01; C02; C03; C04; C05; C06; C07; C08; C09; C11; O06; O10; V12","Geen actuele UI→command/read-model-keten vastgesteld.","TO_BUILD_OR_VERIFY","","",""
"P12.F17","P12","Slim verdeelvoorstel","/c/[club]/teams","false","","","","Eigen teamhuishouden ziet eigen benodigde voortgang; teamouder beheert eigen team; commissie verdeelt verenigingstaken.","R04","P23; P17; P04; P09","A12; A13; A14; A27; A30; T01; T02; T03; T04; T05; T06; T07; T08; T09; T10; T11; T12; T13; T14; T15; T16; T17; T18; C01; C02; C03; C04; C05; C06; C07; C08; C09; C11; O06; O10; V12","Geen actuele UI→command/read-model-keten vastgesteld.","TO_BUILD_OR_VERIFY","","",""
"P12.F18","P12","Voorstel aanpassen en bevestigen","/c/[club]/teams","false","","","","Eigen teamhuishouden ziet eigen benodigde voortgang; teamouder beheert eigen team; commissie verdeelt verenigingstaken.","R04","P13; P04; P03","A12; A13; A14; A27; A30; T01; T02; T03; T04; T05; T06; T07; T08; T09; T10; T11; T12; T13; T14; T15; T16; T17; T18; C01; C02; C03; C04; C05; C06; C07; C08; C09; C11; O06; O10; V12","Geen actuele UI→command/read-model-keten vastgesteld.","TO_BUILD_OR_VERIFY","","",""
"P12.F19","P12","Deadlines en escalatie","/c/[club]/teams","false","","","","Eigen teamhuishouden ziet eigen benodigde voortgang; teamouder beheert eigen team; commissie verdeelt verenigingstaken.","R06","P13; P14; P08","A12; A13; A14; A27; A30; T01; T02; T03; T04; T05; T06; T07; T08; T09; T10; T11; T12; T13; T14; T15; T16; T17; T18; C01; C02; C03; C04; C05; C06; C07; C08; C09; C11; O06; O10; V12","Geen actuele UI→command/read-model-keten vastgesteld.","TO_BUILD_OR_VERIFY","","",""
"P12.F20","P12","Passende reservepool benaderen","/c/[club]/teams","false","","","","Eigen teamhuishouden ziet eigen benodigde voortgang; teamouder beheert eigen team; commissie verdeelt verenigingstaken.","R06","P23; P14; P13","A12; A13; A14; A27; A30; T01; T02; T03; T04; T05; T06; T07; T08; T09; T10; T11; T12; T13; T14; T15; T16; T17; T18; C01; C02; C03; C04; C05; C06; C07; C08; C09; C11; O06; O10; V12","Geen actuele UI→command/read-model-keten vastgesteld.","TO_BUILD_OR_VERIFY","","",""
"P12.F21","P12","Overdracht voorbereiden en aannemen","/c/[club]/teams","false","","","","Eigen teamhuishouden ziet eigen benodigde voortgang; teamouder beheert eigen team; commissie verdeelt verenigingstaken.","R17","P13; P14; P22; P09","A12; A13; A14; A27; A30; T01; T02; T03; T04; T05; T06; T07; T08; T09; T10; T11; T12; T13; T14; T15; T16; T17; T18; C01; C02; C03; C04; C05; C06; C07; C08; C09; C11; O06; O10; V12","Geen actuele UI→command/read-model-keten vastgesteld.","TO_BUILD_OR_VERIFY","","",""
"P12.F22","P12","Feedback en instructie verbeteren","/c/[club]/teams","false","","","","Eigen teamhuishouden ziet eigen benodigde voortgang; teamouder beheert eigen team; commissie verdeelt verenigingstaken.","R16","P16; P23; P18; P03","A12; A13; A14; A27; A30; T01; T02; T03; T04; T05; T06; T07; T08; T09; T10; T11; T12; T13; T14; T15; T16; T17; T18; C01; C02; C03; C04; C05; C06; C07; C08; C09; C11; O06; O10; V12","Geen actuele UI→command/read-model-keten vastgesteld.","TO_BUILD_OR_VERIFY","","",""
"P13.F01","P13","Volgende stappen berekenen","/c/[club]/acties","false","","","","Eigen acties en toegestane taak-, team- en commissieverantwoordelijkheden.","R06; R14; R18","P12; P03; P16; P04","A24; A27; A29; T04; C02; C05; C06; C08; V13","Geen actuele UI→command/read-model-keten vastgesteld.","TO_BUILD_OR_VERIFY","","",""
"P13.F02","P13","Acties ordenen en ontdubbelen","/c/[club]/acties","false","","","","Eigen acties en toegestane taak-, team- en commissieverantwoordelijkheden.","","P14; P12; P11","A24; A27; A29; T04; C02; C05; C06; C08; V13","Geen actuele UI→command/read-model-keten vastgesteld.","TO_BUILD_OR_VERIFY","","",""
"P13.F03","P13","Direct uitvoerder kiezen","/c/[club]/acties","false","","","","Eigen acties en toegestane taak-, team- en commissieverantwoordelijkheden.","","P12; P04; P03","A24; A27; A29; T04; C02; C05; C06; C08; V13","Geen actuele UI→command/read-model-keten vastgesteld.","TO_BUILD_OR_VERIFY","","",""
"P13.F04","P13","Direct vervanging verdelen","/c/[club]/acties","false","","","","Eigen acties en toegestane taak-, team- en commissieverantwoordelijkheden.","","P12; P03; P14","A24; A27; A29; T04; C02; C05; C06; C08; V13","Geen actuele UI→command/read-model-keten vastgesteld.","TO_BUILD_OR_VERIFY","","",""
"P13.F05","P13","Uitvoering controleren","/c/[club]/acties","false","","","","Eigen acties en toegestane taak-, team- en commissieverantwoordelijkheden.","","P03; P12; P09; P20","A24; A27; A29; T04; C02; C05; C06; C08; V13","Geen actuele UI→command/read-model-keten vastgesteld.","TO_BUILD_OR_VERIFY","","",""
"P13.F06","P13","Teamstap openen","/c/[club]/acties","false","","","","Eigen acties en toegestane taak-, team- en commissieverantwoordelijkheden.","R17","P12; P14","A24; A27; A29; T04; C02; C05; C06; C08; V13","Geen actuele UI→command/read-model-keten vastgesteld.","TO_BUILD_OR_VERIFY","","",""
"P13.F07","P13","Persoonlijke kaarten","/c/[club]/acties","false","","","","Eigen acties en toegestane taak-, team- en commissieverantwoordelijkheden.","R12","P11; P10; P19","A24; A27; A29; T04; C02; C05; C06; C08; V13","Geen actuele UI→command/read-model-keten vastgesteld.","TO_BUILD_OR_VERIFY","","",""
"P14.F01","P14","Gesprekskanaal kiezen","/c/[club]/berichten","false","","","","Gesprekken alleen voor deelnemers met bronrecht; inbox en voorkeuren per persoon/account.","","P10; P12; P22","A20; A21; A25; C06; C07; C08; O04; O05; O06; V14","Geen actuele UI→command/read-model-keten vastgesteld.","TO_BUILD_OR_VERIFY","","",""
"P14.F02","P14","Bericht plaatsen","/c/[club]/berichten","false","","","","Gesprekken alleen voor deelnemers met bronrecht; inbox en voorkeuren per persoon/account.","","P10; P12; P13","A20; A21; A25; C06; C07; C08; O04; O05; O06; V14","Geen actuele UI→command/read-model-keten vastgesteld.","TO_BUILD_OR_VERIFY","","",""
"P14.F03","P14","Gerichte mention","/c/[club]/berichten","false","","","","Gesprekken alleen voor deelnemers met bronrecht; inbox en voorkeuren per persoon/account.","","P11; P13","A20; A21; A25; C06; C07; C08; O04; O05; O06; V14","Geen actuele UI→command/read-model-keten vastgesteld.","TO_BUILD_OR_VERIFY","","",""
"P14.F04","P14","Persoonlijke inbox","/c/[club]/berichten","false","","","","Gesprekken alleen voor deelnemers met bronrecht; inbox en voorkeuren per persoon/account.","R06; R12; R17","P03; P12; P15; P16","A20; A21; A25; C06; C07; C08; O04; O05; O06; V14","Geen actuele UI→command/read-model-keten vastgesteld.","TO_BUILD_OR_VERIFY","","",""
"P14.F05","P14","Openen en gelezen markeren","/c/[club]/berichten","false","","","","Gesprekken alleen voor deelnemers met bronrecht; inbox en voorkeuren per persoon/account.","","P00; P13; P12","A20; A21; A25; C06; C07; C08; O04; O05; O06; V14","Geen actuele UI→command/read-model-keten vastgesteld.","TO_BUILD_OR_VERIFY","","",""
"P14.F06","P14","Persoonlijke meldingsvoorkeuren","/c/[club]/berichten","false","","","","Gesprekken alleen voor deelnemers met bronrecht; inbox en voorkeuren per persoon/account.","R15","P21; P22; P02","A20; A21; A25; C06; C07; C08; O04; O05; O06; V14","Geen actuele UI→command/read-model-keten vastgesteld.","TO_BUILD_OR_VERIFY","","",""
"P14.F07","P14","Echte verzending en logstatus","/c/[club]/berichten","false","","","","Gesprekken alleen voor deelnemers met bronrecht; inbox en voorkeuren per persoon/account.","R13; R15","P21; P22; P13","A20; A21; A25; C06; C07; C08; O04; O05; O06; V14","Geen actuele UI→command/read-model-keten vastgesteld.","TO_BUILD_OR_VERIFY","","",""
"P15.F01","P15","Actueel beleid aanbieden","/c/[club]/beleid","false","","","","Eigen geselecteerde leden; publiceren/beoordelen volgens expliciet beleidmandaat.","R14; R21","P09; P13; P22","A22; A23; C05; V15","Geen actuele UI→command/read-model-keten vastgesteld.","TO_BUILD_OR_VERIFY","","",""
"P15.F02","P15","Lezen en downloaden","/c/[club]/beleid","false","","","","Eigen geselecteerde leden; publiceren/beoordelen volgens expliciet beleidmandaat.","R14","P14; P03","A22; A23; C05; V15","Geen actuele UI→command/read-model-keten vastgesteld.","TO_BUILD_OR_VERIFY","","",""
"P15.F03","P15","Eigen actief akkoord","/c/[club]/beleid","false","","","","Eigen geselecteerde leden; publiceren/beoordelen volgens expliciet beleidmandaat.","R14","P23; P22; P09","A22; A23; C05; V15","Geen actuele UI→command/read-model-keten vastgesteld.","TO_BUILD_OR_VERIFY","","",""
"P15.F04","P15","Kinderen vertegenwoordigen","/c/[club]/beleid","false","","","","Eigen geselecteerde leden; publiceren/beoordelen volgens expliciet beleidmandaat.","R14","P09; P23","A22; A23; C05; V15","Geen actuele UI→command/read-model-keten vastgesteld.","TO_BUILD_OR_VERIFY","","",""
"P15.F05","P15","Vraag stellen","/c/[club]/beleid","false","","","","Eigen geselecteerde leden; publiceren/beoordelen volgens expliciet beleidmandaat.","R14","P13; P14; P09","A22; A23; C05; V15","Geen actuele UI→command/read-model-keten vastgesteld.","TO_BUILD_OR_VERIFY","","",""
"P15.F06","P15","Nieuwe versie publiceren","/c/[club]/beleid","false","","","","Eigen geselecteerde leden; publiceren/beoordelen volgens expliciet beleidmandaat.","R14","P21; P22; P13","A22; A23; C05; V15","Geen actuele UI→command/read-model-keten vastgesteld.","TO_BUILD_OR_VERIFY","","",""
"P15.F07","P15","Herinnering sturen","/c/[club]/beleid","false","","","","Eigen geselecteerde leden; publiceren/beoordelen volgens expliciet beleidmandaat.","R14","P14; P21","A22; A23; C05; V15","Geen actuele UI→command/read-model-keten vastgesteld.","TO_BUILD_OR_VERIFY","","",""
"P15.F08","P15","Versiehistorie raadplegen","/c/[club]/beleid","false","","","","Eigen geselecteerde leden; publiceren/beoordelen volgens expliciet beleidmandaat.","","P09; P22","A22; A23; C05; V15","Geen actuele UI→command/read-model-keten vastgesteld.","TO_BUILD_OR_VERIFY","","",""
"P16.F01","P16","Momenten van aandacht","/c/[club]/waardering","false","","","","Publieke momenten volgens toestemming; private lief-en-leed en feedback alleen voor bevoegde verantwoordelijke.","","P17; P18; P22","A28; C10; C11; V16","Geen actuele UI→command/read-model-keten vastgesteld.","TO_BUILD_OR_VERIFY","","",""
"P16.F02","P16","Nieuw waarderingsmoment","/c/[club]/waardering","false","","","","Publieke momenten volgens toestemming; private lief-en-leed en feedback alleen voor bevoegde verantwoordelijke.","R19","P11; P20; P21","A28; C10; C11; V16","Geen actuele UI→command/read-model-keten vastgesteld.","TO_BUILD_OR_VERIFY","","",""
"P16.F03","P16","Waarderingsactie afronden","/c/[club]/waardering","false","","","","Publieke momenten volgens toestemming; private lief-en-leed en feedback alleen voor bevoegde verantwoordelijke.","R19","P20; P13; P11","A28; C10; C11; V16","Geen actuele UI→command/read-model-keten vastgesteld.","TO_BUILD_OR_VERIFY","","",""
"P16.F04","P16","Conceptbericht maken","/c/[club]/waardering","false","","","","Publieke momenten volgens toestemming; private lief-en-leed en feedback alleen voor bevoegde verantwoordelijke.","R19","P21; P14","A28; C10; C11; V16","Geen actuele UI→command/read-model-keten vastgesteld.","TO_BUILD_OR_VERIFY","","",""
"P16.F05","P16","Persoonlijke terugblik","/c/[club]/waardering","false","","","","Publieke momenten volgens toestemming; private lief-en-leed en feedback alleen voor bevoegde verantwoordelijke.","R16","P03; P04; P12","A28; C10; C11; V16","Geen actuele UI→command/read-model-keten vastgesteld.","TO_BUILD_OR_VERIFY","","",""
"P16.F06","P16","Voorkeur zelf onthouden","/c/[club]/waardering","false","","","","Publieke momenten volgens toestemming; private lief-en-leed en feedback alleen voor bevoegde verantwoordelijke.","R16","P23; P02; P12","A28; C10; C11; V16","Geen actuele UI→command/read-model-keten vastgesteld.","TO_BUILD_OR_VERIFY","","",""
"P16.F07","P16","Feedback-inbox beheren","/c/[club]/waardering","false","","","","Publieke momenten volgens toestemming; private lief-en-leed en feedback alleen voor bevoegde verantwoordelijke.","R16","P12; P10; P13","A28; C10; C11; V16","Geen actuele UI→command/read-model-keten vastgesteld.","TO_BUILD_OR_VERIFY","","",""
"P16.F08","P16","Instructie en vervolgaanbod","/c/[club]/waardering","false","","","","Publieke momenten volgens toestemming; private lief-en-leed en feedback alleen voor bevoegde verantwoordelijke.","R16","P02; P12; P18; P23","A28; C10; C11; V16","Geen actuele UI→command/read-model-keten vastgesteld.","TO_BUILD_OR_VERIFY","","",""
"P17.F01","P17","Opleidingsaanbod","/c/[club]/opleidingen","false","","","","Eigen deelname en certificaten; beheer en verificatie met opleidings-/kwalificatiemandaat.","","P06; P16; P23","A27; C01; V17","Geen actuele UI→command/read-model-keten vastgesteld.","TO_BUILD_OR_VERIFY","","",""
"P17.F02","P17","Inschrijven en afmelden","/c/[club]/opleidingen","false","","","","Eigen deelname en certificaten; beheer en verificatie met opleidings-/kwalificatiemandaat.","R18","P14; P06","A27; C01; V17","Geen actuele UI→command/read-model-keten vastgesteld.","TO_BUILD_OR_VERIFY","","",""
"P17.F03","P17","Geverifieerd certificaat vastleggen","/c/[club]/opleidingen","false","","","","Eigen deelname en certificaten; beheer en verificatie met opleidings-/kwalificatiemandaat.","R04; R18","P02; P12; P22","A27; C01; V17","Geen actuele UI→command/read-model-keten vastgesteld.","TO_BUILD_OR_VERIFY","","",""
"P17.F04","P17","Buddy en reservebereidheid","/c/[club]/opleidingen","false","","","","Eigen deelname en certificaten; beheer en verificatie met opleidings-/kwalificatiemandaat.","","P23; P02; P12","A27; C01; V17","Geen actuele UI→command/read-model-keten vastgesteld.","TO_BUILD_OR_VERIFY","","",""
"P17.F05","P17","Verval en toekomstige afspraken","/c/[club]/opleidingen","false","","","","Eigen deelname en certificaten; beheer en verificatie met opleidings-/kwalificatiemandaat.","R18","P13; P03; P12; P14","A27; C01; V17","Geen actuele UI→command/read-model-keten vastgesteld.","TO_BUILD_OR_VERIFY","","",""
"P18.F01","P18","Vaste functies verkennen","/c/[club]/vrijwilligersfuncties","false","","","","Eigen interesse; kandidaten en erkenning alleen binnen wervings-/commissiemandaat.","R16","P09; P22; P23","A27; V18","Geen actuele UI→command/read-model-keten vastgesteld.","TO_BUILD_OR_VERIFY","","",""
"P18.F02","P18","Functie openen","/c/[club]/vrijwilligersfuncties","false","","","","Eigen interesse; kandidaten en erkenning alleen binnen wervings-/commissiemandaat.","","P10; P23","A27; V18","Geen actuele UI→command/read-model-keten vastgesteld.","TO_BUILD_OR_VERIFY","","",""
"P18.F03","P18","Interesse aangeven","/c/[club]/vrijwilligersfuncties","false","","","","Eigen interesse; kandidaten en erkenning alleen binnen wervings-/commissiemandaat.","R10","P13; P14; P16","A27; V18","Geen actuele UI→command/read-model-keten vastgesteld.","TO_BUILD_OR_VERIFY","","",""
"P18.F04","P18","Kennismaking opvolgen","/c/[club]/vrijwilligersfuncties","false","","","","Eigen interesse; kandidaten en erkenning alleen binnen wervings-/commissiemandaat.","R10","P10; P13","A27; V18","Geen actuele UI→command/read-model-keten vastgesteld.","TO_BUILD_OR_VERIFY","","",""
"P18.F05","P18","Erkende aanstelling verbinden","/c/[club]/vrijwilligersfuncties","false","","","","Eigen interesse; kandidaten en erkenning alleen binnen wervings-/commissiemandaat.","","P09; P22; P20","A27; V18","Geen actuele UI→command/read-model-keten vastgesteld.","TO_BUILD_OR_VERIFY","","",""
"P19.F01","P19","Huishouduren en resterende inzet","/c/[club]/rapportages","false","","","","Verenigingsrapporten door commissie/bestuur binnen scope; financiële exports apart recht.","R01; R08; R21","P09; P04; P12; P20","A01; A02; A03; A26; A30; T03; T07; T08; T16; F01; F03; O10; V19","Geen actuele UI→command/read-model-keten vastgesteld.","TO_BUILD_OR_VERIFY","","",""
"P19.F02","P19","Commissiebezetting","/c/[club]/rapportages","false","","","","Verenigingsrapporten door commissie/bestuur binnen scope; financiële exports apart recht.","","P08; P02; P12","A01; A02; A03; A26; A30; T03; T07; T08; T16; F01; F03; O10; V19","Geen actuele UI→command/read-model-keten vastgesteld.","TO_BUILD_OR_VERIFY","","",""
"P19.F03","P19","Winteroverzicht","/c/[club]/rapportages","false","","","","Verenigingsrapporten door commissie/bestuur binnen scope; financiële exports apart recht.","R09","P09; P03; P20","A01; A02; A03; A26; A30; T03; T07; T08; T16; F01; F03; O10; V19","Geen actuele UI→command/read-model-keten vastgesteld.","TO_BUILD_OR_VERIFY","","",""
"P19.F04","P19","Passend aanbod beoordelen","/c/[club]/rapportages","false","","","","Verenigingsrapporten door commissie/bestuur binnen scope; financiële exports apart recht.","R20","P23; P17; P02; P20","A01; A02; A03; A26; A30; T03; T07; T08; T16; F01; F03; O10; V19","Geen actuele UI→command/read-model-keten vastgesteld.","TO_BUILD_OR_VERIFY","","",""
"P19.F05","P19","Overbelasting signaleren","/c/[club]/rapportages","false","","","","Verenigingsrapporten door commissie/bestuur binnen scope; financiële exports apart recht.","","P12; P23; P16","A01; A02; A03; A26; A30; T03; T07; T08; T16; F01; F03; O10; V19","Geen actuele UI→command/read-model-keten vastgesteld.","TO_BUILD_OR_VERIFY","","",""
"P19.F06","P19","CSV-export en bronstatus","/c/[club]/rapportages","false","","","","Verenigingsrapporten door commissie/bestuur binnen scope; financiële exports apart recht.","","P09; P20; P22","A01; A02; A03; A26; A30; T03; T07; T08; T16; F01; F03; O10; V19","Geen actuele UI→command/read-model-keten vastgesteld.","TO_BUILD_OR_VERIFY","","",""
"P20.F01","P20","Potstand en beschikbaar budget","/c/[club]/financien","false","","","","Financieel beheer met expliciet mandaat; commissie besluit de grondslag, geen vrije wijziging door cliënt.","R19; R20","P16; P19; P09","A26; T17; T18; F01; F02; F03; V20","Geen actuele UI→command/read-model-keten vastgesteld.","TO_BUILD_OR_VERIFY","","",""
"P20.F02","P20","Budgetpost toevoegen","/c/[club]/financien","false","","","","Financieel beheer met expliciet mandaat; commissie besluit de grondslag, geen vrije wijziging door cliënt.","R19","P16; P11; P22","A26; T17; T18; F01; F02; F03; V20","Geen actuele UI→command/read-model-keten vastgesteld.","TO_BUILD_OR_VERIFY","","",""
"P20.F03","P20","Afrekenvoorstel berekenen","/c/[club]/financien","false","","","","Financieel beheer met expliciet mandaat; commissie besluit de grondslag, geen vrije wijziging door cliënt.","R01; R09; R10; R20","P09; P19; P03; P22","A26; T17; T18; F01; F02; F03; V20","Geen actuele UI→command/read-model-keten vastgesteld.","TO_BUILD_OR_VERIFY","","",""
"P20.F04","P20","Blokkades en onderbouwing","/c/[club]/financien","false","","","","Financieel beheer met expliciet mandaat; commissie besluit de grondslag, geen vrije wijziging door cliënt.","R08; R20","P09; P13; P19","A26; T17; T18; F01; F02; F03; V20","Geen actuele UI→command/read-model-keten vastgesteld.","TO_BUILD_OR_VERIFY","","",""
"P20.F05","P20","Goedkeuren en definitief verwerken","/c/[club]/financien","false","","","","Financieel beheer met expliciet mandaat; commissie besluit de grondslag, geen vrije wijziging door cliënt.","R08; R20","P09; P13; P22","A26; T17; T18; F01; F02; F03; V20","Geen actuele UI→command/read-model-keten vastgesteld.","TO_BUILD_OR_VERIFY","","",""
"P20.F06","P20","Afkoop onderscheiden","/c/[club]/financien","false","","","","Financieel beheer met expliciet mandaat; commissie besluit de grondslag, geen vrije wijziging door cliënt.","","P09; P19","A26; T17; T18; F01; F02; F03; V20","Geen actuele UI→command/read-model-keten vastgesteld.","TO_BUILD_OR_VERIFY","","",""
"P20.F07","P20","Betaalstatus registreren","/c/[club]/financien","false","","","","Financieel beheer met expliciet mandaat; commissie besluit de grondslag, geen vrije wijziging door cliënt.","R20","P14; P19; P22","A26; T17; T18; F01; F02; F03; V20","Geen actuele UI→command/read-model-keten vastgesteld.","TO_BUILD_OR_VERIFY","","",""
"P20.F08","P20","Onbetaalde en betaalde correcties","/c/[club]/financien","false","","","","Financieel beheer met expliciet mandaat; commissie besluit de grondslag, geen vrije wijziging door cliënt.","R20","P09; P03; P22","A26; T17; T18; F01; F02; F03; V20","Geen actuele UI→command/read-model-keten vastgesteld.","TO_BUILD_OR_VERIFY","","",""
"P20.F09","P20","Financiële export","/c/[club]/financien","false","","","","Financieel beheer met expliciet mandaat; commissie besluit de grondslag, geen vrije wijziging door cliënt.","","P19; P09; P21","A26; T17; T18; F01; F02; F03; V20","Geen actuele UI→command/read-model-keten vastgesteld.","TO_BUILD_OR_VERIFY","","",""
"P21.F01","P21","Template kiezen en versie lezen","/c/[club]/communicatie","false","","","","Templatebeheer volgens centrale/commissierechten; voorkeuren en ontvangers volgens bron-ACL.","R15","P14; P15; P16","A20; A21; O05; V21","Geen actuele UI→command/read-model-keten vastgesteld.","TO_BUILD_OR_VERIFY","","",""
"P21.F02","P21","Template bewerken","/c/[club]/communicatie","false","","","","Templatebeheer volgens centrale/commissierechten; voorkeuren en ontvangers volgens bron-ACL.","","P22; P14","A20; A21; O05; V21","Geen actuele UI→command/read-model-keten vastgesteld.","TO_BUILD_OR_VERIFY","","",""
"P21.F03","P21","Variabelen invoegen","/c/[club]/communicatie","false","","","","Templatebeheer volgens centrale/commissierechten; voorkeuren en ontvangers volgens bron-ACL.","","P02; P03; P14","A20; A21; O05; V21","Geen actuele UI→command/read-model-keten vastgesteld.","TO_BUILD_OR_VERIFY","","",""
"P21.F04","P21","Persoonlijke preview","/c/[club]/communicatie","false","","","","Templatebeheer volgens centrale/commissierechten; voorkeuren en ontvangers volgens bron-ACL.","","P23; P09","A20; A21; O05; V21","Geen actuele UI→command/read-model-keten vastgesteld.","TO_BUILD_OR_VERIFY","","",""
"P21.F05","P21","Test versturen","/c/[club]/communicatie","false","","","","Templatebeheer volgens centrale/commissierechten; voorkeuren en ontvangers volgens bron-ACL.","","P14; P22","A20; A21; O05; V21","Geen actuele UI→command/read-model-keten vastgesteld.","TO_BUILD_OR_VERIFY","","",""
"P21.F06","P21","Goedkeuren en publiceren","/c/[club]/communicatie","false","","","","Templatebeheer volgens centrale/commissierechten; voorkeuren en ontvangers volgens bron-ACL.","R15; R19","P15; P14; P22","A20; A21; O05; V21","Geen actuele UI→command/read-model-keten vastgesteld.","TO_BUILD_OR_VERIFY","","",""
"P21.F07","P21","Dupliceren en nieuw template","/c/[club]/communicatie","false","","","","Templatebeheer volgens centrale/commissierechten; voorkeuren en ontvangers volgens bron-ACL.","","P10; P16; P15","A20; A21; O05; V21","Geen actuele UI→command/read-model-keten vastgesteld.","TO_BUILD_OR_VERIFY","","",""
"P21.F08","P21","Automatische regels","/c/[club]/communicatie","false","","","","Templatebeheer volgens centrale/commissierechten; voorkeuren en ontvangers volgens bron-ACL.","R15","P14; P02; P03; P22","A20; A21; O05; V21","Geen actuele UI→command/read-model-keten vastgesteld.","TO_BUILD_OR_VERIFY","","",""
"P21.F09","P21","Segment samenstellen","/c/[club]/communicatie","false","","","","Templatebeheer volgens centrale/commissierechten; voorkeuren en ontvangers volgens bron-ACL.","","P23; P18; P16","A20; A21; O05; V21","Geen actuele UI→command/read-model-keten vastgesteld.","TO_BUILD_OR_VERIFY","","",""
"P21.F10","P21","Campagneconcept maken","/c/[club]/communicatie","false","","","","Templatebeheer volgens centrale/commissierechten; voorkeuren en ontvangers volgens bron-ACL.","","P14; P22","A20; A21; O05; V21","Geen actuele UI→command/read-model-keten vastgesteld.","TO_BUILD_OR_VERIFY","","",""
"P21.F11","P21","Verzendlog","/c/[club]/communicatie","false","","","","Templatebeheer volgens centrale/commissierechten; voorkeuren en ontvangers volgens bron-ACL.","R15","P14; P13; P22","A20; A21; O05; V21","Geen actuele UI→command/read-model-keten vastgesteld.","TO_BUILD_OR_VERIFY","","",""
"P22.F01","P22","Standaard verdelingswijze","/c/[club]/instellingen","false","","","","Beheer volgens afzonderlijke configuratie-, rechten- en integratiemandaten; financiële regels met besluit.","","P08; P12; P02","A06; A11; A19; A30; T06; T11; T14; C09; H01; H06; O05; O08; O09; O10; V22","Geen actuele UI→command/read-model-keten vastgesteld.","TO_BUILD_OR_VERIFY","","",""
"P22.F02","P22","Vereniging en seizoen","/c/[club]/instellingen","false","","","","Beheer volgens afzonderlijke configuratie-, rechten- en integratiemandaten; financiële regels met besluit.","","P00; P09; P19","A06; A11; A19; A30; T06; T11; T14; C09; H01; H06; O05; O08; O09; O10; V22","Geen actuele UI→command/read-model-keten vastgesteld.","TO_BUILD_OR_VERIFY","","",""
"P22.F03","P22","Uren en financiële basis","/c/[club]/instellingen","false","","","","Beheer volgens afzonderlijke configuratie-, rechten- en integratiemandaten; financiële regels met besluit.","","P09; P19; P20","A06; A11; A19; A30; T06; T11; T14; C09; H01; H06; O05; O08; O09; O10; V22","Geen actuele UI→command/read-model-keten vastgesteld.","TO_BUILD_OR_VERIFY","","",""
"P22.F04","P22","Termijnen en reminders","/c/[club]/instellingen","false","","","","Beheer volgens afzonderlijke configuratie-, rechten- en integratiemandaten; financiële regels met besluit.","","P03; P14; P21","A06; A11; A19; A30; T06; T11; T14; C09; H01; H06; O05; O08; O09; O10; V22","Geen actuele UI→command/read-model-keten vastgesteld.","TO_BUILD_OR_VERIFY","","",""
"P22.F05","P22","Vrijwilligersrolcatalogus","/c/[club]/instellingen","false","","","","Beheer volgens afzonderlijke configuratie-, rechten- en integratiemandaten; financiële regels met besluit.","R10","P09; P18; P20","A06; A11; A19; A30; T06; T11; T14; C09; H01; H06; O05; O08; O09; O10; V22","Geen actuele UI→command/read-model-keten vastgesteld.","TO_BUILD_OR_VERIFY","","",""
"P22.F06","P22","Actieve rollen en einde","/c/[club]/instellingen","false","","","","Beheer volgens afzonderlijke configuratie-, rechten- en integratiemandaten; financiële regels met besluit.","R10","P09; P13; P18","A06; A11; A19; A30; T06; T11; T14; C09; H01; H06; O05; O08; O09; O10; V22","Geen actuele UI→command/read-model-keten vastgesteld.","TO_BUILD_OR_VERIFY","","",""
"P22.F07","P22","Sportlinkmomenten en status","/c/[club]/instellingen","false","","","","Beheer volgens afzonderlijke configuratie-, rechten- en integratiemandaten; financiële regels met besluit.","R13","P07; P13; P14","A06; A11; A19; A30; T06; T11; T14; C09; H01; H06; O05; O08; O09; O10; V22","Geen actuele UI→command/read-model-keten vastgesteld.","TO_BUILD_OR_VERIFY","","",""
"P22.F08","P22","Gecontroleerde CSV-import","/c/[club]/instellingen","false","","","","Beheer volgens afzonderlijke configuratie-, rechten- en integratiemandaten; financiële regels met besluit.","","P09; P23; P07","A06; A11; A19; A30; T06; T11; T14; C09; H01; H06; O05; O08; O09; O10; V22","Geen actuele UI→command/read-model-keten vastgesteld.","TO_BUILD_OR_VERIFY","","",""
"P22.F09","P22","Toegang en verificatie","/c/[club]/instellingen","false","","","","Beheer volgens afzonderlijke configuratie-, rechten- en integratiemandaten; financiële regels met besluit.","R11","P00; P09; P23","A06; A11; A19; A30; T06; T11; T14; C09; H01; H06; O05; O08; O09; O10; V22","Geen actuele UI→command/read-model-keten vastgesteld.","TO_BUILD_OR_VERIFY","","",""
"P22.F10","P22","PWA installeren","/c/[club]/instellingen","false","","","","Beheer volgens afzonderlijke configuratie-, rechten- en integratiemandaten; financiële regels met besluit.","","P00; P14","A06; A11; A19; A30; T06; T11; T14; C09; H01; H06; O05; O08; O09; O10; V22","Geen actuele UI→command/read-model-keten vastgesteld.","TO_BUILD_OR_VERIFY","","",""
"P22.F11","P22","Demogegevens herstellen","/c/[club]/instellingen","false","","","","Beheer volgens afzonderlijke configuratie-, rechten- en integratiemandaten; financiële regels met besluit.","R22","P00; P08","A06; A11; A19; A30; T06; T11; T14; C09; H01; H06; O05; O08; O09; O10; V22","Geen actuele UI→command/read-model-keten vastgesteld.","TO_BUILD_OR_VERIFY","","",""
"P22.F12","P22","Seizoensovergang voorbereiden","/c/[club]/instellingen","false","","","","Beheer volgens afzonderlijke configuratie-, rechten- en integratiemandaten; financiële regels met besluit.","R21","P09; P12; P15; P19; P20; P23","A06; A11; A19; A30; T06; T11; T14; C09; H01; H06; O05; O08; O09; O10; V22","Geen actuele UI→command/read-model-keten vastgesteld.","TO_BUILD_OR_VERIFY","","",""
"P22.F13","P22","Seizoensstanden raadplegen","/c/[club]/instellingen","false","","","","Beheer volgens afzonderlijke configuratie-, rechten- en integratiemandaten; financiële regels met besluit.","R21","P09; P19; P20","A06; A11; A19; A30; T06; T11; T14; C09; H01; H06; O05; O08; O09; O10; V22","Geen actuele UI→command/read-model-keten vastgesteld.","TO_BUILD_OR_VERIFY","","",""
"P22.F14","P22","Wijzigingslog","/c/[club]/instellingen","false","","","","Beheer volgens afzonderlijke configuratie-, rechten- en integratiemandaten; financiële regels met besluit.","R17","P09; P11; P20; P21","A06; A11; A19; A30; T06; T11; T14; C09; H01; H06; O05; O08; O09; O10; V22","Geen actuele UI→command/read-model-keten vastgesteld.","TO_BUILD_OR_VERIFY","","",""
"P23.F01","P23","Persoon en dossiercontext kiezen","/c/[club]/intake","true","api.my_intake; api.list_intake_contexts","","app/c/[club]/intake/page.tsx","Eigen intake; vertegenwoordiging uitsluitend met concrete machtiging; gescheiden ouders houden onafhankelijke privacy.","R11; R22","P09; P00; P15","A07; A09; A10; A29; T17; C01; C07; C10; H03; O07; V23","Eigen en expliciet gemachtigde contexten aangesloten; aanmaken/intrekken van de machtiging via beheerflow nog open.","IMPLEMENTED_PARTIAL_NOT_ACCEPTED","docs/release/evidence/local/20261006-w02/verification.md","docs/release/evidence/local/20261006-w02/compare.html",""
"P23.F02","P23","Ervaring en begeleiding","/c/[club]/intake","true","","api.save_intake_revision","components/app/intake-form.tsx","Eigen intake; vertegenwoordiging uitsluitend met concrete machtiging; gescheiden ouders houden onafhankelijke privacy.","","P17; P02; P13","A07; A09; A10; A29; T17; C01; C07; C10; H03; O07; V23","Ervaring en maatjesvraag versioned opgeslagen; aanbod en buddykeuze volgen in W03/W06.","IMPLEMENTED_PARTIAL_NOT_ACCEPTED","docs/release/evidence/local/20261006-w02/verification.md","docs/release/evidence/local/20261006-w02/compare.html",""
"P23.F03","P23","Talenten en voorkeuren","/c/[club]/intake","true","api.intake_task_categories","api.save_intake_revision","components/app/intake-form.tsx","Eigen intake; vertegenwoordiging uitsluitend met concrete machtiging; gescheiden ouders houden onafhankelijke privacy.","R10","P02; P12; P18; P21","A07; A09; A10; A29; T17; C01; C07; C10; H03; O07; V23","Talenten, taak- en functievoorkeuren opgeslagen; adviezen en wervingsworkflow nog open.","IMPLEMENTED_PARTIAL_NOT_ACCEPTED","docs/release/evidence/local/20261006-w02/verification.md","docs/release/evidence/local/20261006-w02/compare.html",""
"P23.F04","P23","Beschikbaarheid en grenzen","/c/[club]/intake","true","","api.save_intake_revision","components/app/intake-form.tsx; lib/domain/intake.mjs","Eigen intake; vertegenwoordiging uitsluitend met concrete machtiging; gescheiden ouders houden onafhankelijke privacy.","R04","P12; P17; P19; P14","A07; A09; A10; A29; T17; C01; C07; C10; H03; O07; V23","Weekvoorkeur, maandminuten, grenzen, verhinderdatums, leerwens en reserve opgeslagen; datums blokkeren nieuwe bookings. Advies, workload en reserve-opvolging nog open.","IMPLEMENTED_PARTIAL_NOT_ACCEPTED","docs/release/evidence/local/20261006-w02/verification.md","docs/release/evidence/local/20261006-w02/compare.html",""
"P23.F05","P23","Controleren en opslaan","/c/[club]/intake","true","","api.save_intake_revision","app/c/[club]/intake/actions.ts; components/app/intake-form.tsx","Eigen intake; vertegenwoordiging uitsluitend met concrete machtiging; gescheiden ouders houden onafhankelijke privacy.","R11","P09; P02; P22","A07; A09; A10; A29; T17; C01; C07; C10; H03; O07; V23","Vier stappen en expliciete opslag met actor/subject/reason/version/idempotency/audit aangesloten; staging-acceptatie ontbreekt.","IMPLEMENTED_PARTIAL_NOT_ACCEPTED","docs/release/evidence/local/20261006-w02/verification.md","docs/release/evidence/local/20261006-w02/compare.html",""
"P23.F06","P23","Jaarlijks herbevestigen en profiel openen","/c/[club]/intake","true","","","","Eigen intake; vertegenwoordiging uitsluitend met concrete machtiging; gescheiden ouders houden onafhankelijke privacy.","R21","P22; P09; P04","A07; A09; A10; A29; T17; C01; C07; C10; H03; O07; V23","Geen actuele UI→command/read-model-keten vastgesteld.","TO_BUILD_OR_VERIFY","","",""
